sample_index,model,reference,hypothesis,latency_s,duration_s,rtf,cmi,num_switch_points,is_code_switched,file_id,model_note,wer,cer
1087,Sahara,Inside studio channel Sorry we don una no too get time at least we hope for like 5 min No vex other Your name wetin be your real name,"Inside, Inside studio, Chada, Chada, I am sorry, we don't get time. At least we got up like 5 min. No vessel, Chada, your name, what are you?
",3.412682579,7.9200000763,0.4308942609,39.2900009155,6,True,752deab9-657a-4fd1-a347-5bc9c58d02cc,,0.5862068965517241,0.45864661654135336
1129,Sahara,And puting up post on our recent gathers or things about come up so people go usually easily join in,"And putting up posts on our, you know, recent gatherings or things that are about to come up so people can easily join in.
",2.083948985,6.2399997711,0.3339661957,15.0,2,True,b604d97f-174c-422f-9447-94c611a5da42,,0.5,0.35
1149,Sahara,You then if you go there you no see medicine,"If you go there, you will not see many
",1.996198327,2.9279999733,0.6817617299000001,40.0,1,True,5ec1e0d5-8725-4f3f-a9b7-7426934c1e9d,,0.5,0.4772727272727273
731,Sahara,E must too old before you go marry,"Eh, you must too old before you go married.
",1.995910715,2.4639999866,0.8100287037,50.0,2,True,29799383-1876-4427-992b-406479d8e561,,0.375,0.23529411764705882
407,Sahara,Ince how much you look for this election,"INEC, how much you need for this election? We give you. You want security? We give you. You want
",2.100797728,5.4559998512,0.3850435823,50.0,3,True,f1ae56fb-6070-412a-807c-c6c9ea79b0c2,,1.625,1.425
1640,Sahara,How the school how you wan take that teacher Wetin be the settum exactly No be they about the structure Na about the content structure go just dey for long But that content of that structure na im make we dey look We get chim chim good morning all the way from woman,"How the school be talking about teacher? Waiting me the setup exactly. No, it's not about the structure, not about the content. Structure will just stay for long, but that that content of that structure, Naima Kudi, look, we get Chima, Chima, good morning, all the way from Umua here
",2.462436615,14.5080003738,0.1697295666,43.4000015259,11,True,b2a94d34-2420-4fb9-89d8-9c190fe9ab47,,0.4528301886792453,0.24060150375939848
11,Sahara,"The world, na just the level with which e dey happen na e dey differ For some places, it is ranked so high and for some places it's ranked so low","The world, not just the level with which they happen, now it differ. For some places it is ranked so high, and for some places it ranked so low
",2.375196835,8.8159999847,0.2694188792,41.9399986267,2,True,68613aa6-962a-4a93-bc55-673f59414006,,0.21875,0.09090909090909091
1439,Sahara,One party na im dysing angeria or,"One party like destroying Nigeria
",2.020397743,3.0239999294,0.6681209624000001,28.5699996948,1,True,0b133500-eca1-48f6-bae4-562648f4ca73,,0.7142857142857143,0.45454545454545453
1654,Sahara,Yeah so dem possibility say along the line,"So there is a possibility say along the line
",2.08608439,3.3280000687,0.6268282293,37.5,4,True,241d7acc-dbcf-4f8e-b5c1-f384c839c0b2,,0.5,0.2619047619047619
665,Sahara,Conclusion logical make we see the final wheeastle of this matter No be rgical conclusion wey say the end go hang somewhere,"Conclusion, logical, we could see the final whistle of this matter. No military conclusion will say the end go hang somewhere.
",2.689880139,7.0399999619,0.3820852491,40.9099998474,8,True,28df4f71-e555-4515-9eac-1452d4c04779,,0.2727272727272727,0.17886178861788618
754,Sahara,How true is the issue of the polish and the issue of the polish with the cortion there I dey show also investigate how I dey doing while I dey posting people to VI or making morning to their pocket,"How true is the issue of the police, and the issue of the police with the corruption there. They should also investigate. How are they doing? Why are they posting people to VIO making money into their pockets?
",2.120001706,12.0799999237,0.1754968311,47.5,3,True,f1ead7cb-669f-4077-a5a1-454815ab9dcd,,0.4,0.17258883248730963
222,Sahara,The water dey come from too Where the sore dey come from,"The water they come from, too, where the soil they come from
",2.279518965,3.0399999619,0.7498417742,41.6699981689,3,True,5c46f7df-614c-46a4-aa41-f5a3e376ea9f,,0.25,0.10714285714285714
1255,Sahara,unless make work more people go join this very nice and I know say you na person wey dey bring creativity enter inside im some of your um jokes Tell us about these events wey you get on ground now,"Funded institutions like the state and the federal institutions, and how many people can afford to send their children to private universities? Let's just give an instance, let's give an instance. Per adventure, there's a there is a
",2.410713343,13.984000206,0.1723908258,42.5,7,True,6bfbac74-5d47-4393-89bf-b8f98d24e11d,,1.025,0.8367346938775511
996,Sahara,Wey fire dey burn for your body mass And na you Dey do the magic on top their body to make dem feel say e dey actually actually burn Just one question question for my mouth,"This is the best time ever to be involved in music generally, whether you be acting, whether you be produced, whether you be whatever you are
",2.106462797,10.0959997177,0.2086433098,41.6699981689,9,True,fc624e97-73a7-438b-86d3-eff73f306867,,1.0,0.7441860465116279
451,Sahara,"Ok Em this is the third edition,musin center,we still have not changed venue but we changed space from shell hall","Ok, this is the 3rd edition, Musan Centre. We still have not changed venue, but we changed space, you know, from Shell Hall
",2.180402386,7.1840000153,0.3035081266,9.0900001526,2,True,eea426a2-c985-4d29-857d-73dd8251ea76,,0.2727272727272727,0.1592920353982301
1399,Sahara,because of the way wey be say,"Because of the way when we say
",2.007046137,2.0639998913,0.9724061253,42.8600006104,1,True,c6cfa13e-57e2-4baa-861b-085bd35d5459,,0.2857142857142857,0.10344827586206896
508,Sahara,Potor go dey price him market. But now ehh Mavis,"What are good the price in market? But now, Mavis
",2.06648278,5.4400000572,0.3798681541,20.0,2,True,f4b7feb1-70f0-48d2-8f4c-0dde3172c8f0,,0.6,0.3617021276595745
1380,Sahara,You get dem to be moody sometimes.Sometimes dey cooperate with you dey take their medicines sometimes the don't,"You get them to be moody sometimes, sometimes they cooperate with you, they take their medicines, sometimes they don't.
",2.019059059,6.1599998474,0.3277693359,16.6700000763,6,True,42d413c7-7df0-4f52-8d1a-b5cd53ebf2ba,,0.2,0.06306306306306306
982,Sahara,from guys just to collect more money to survive All of these things na wetin we suppose put together,"From guys just to collect more money to survive. All of these things that waiting will support put together
",2.042320068,5.1840000153,0.3939660613,31.5799999237,1,True,097055c7-a37b-4ba5-9748-72d8db91eb23,,0.21052631578947367,0.11
1548,Sahara,All those things Dey cause problem for suicide Dey cause by suciety but we do hope say this gbry elects go Dey catchly the place like cano Because if truly true at the end no allow the PDP to condom elect for cano Her people don Dey show signs of fears say them no sure wetin happen,"All those things that they cause problem for society, but we do hope say this gubernatorial elections go de Kaja, especially in a place like Kano, because if truly, truly at the end, they don't allow the PDP to conduct government elections for Kano, people don't they show signs of fears, say the notion of waiting happen
",2.221604632,15.1040000916,0.1470871702,43.8600006104,13,True,cccebbff-1012-4dda-825e-1463e77f9870,,0.5263157894736842,0.375886524822695
760,Sahara,No around here dem callfication but butationly cleaning up the environment replacing waist and standing water with grass and frees And if you go to the Wester world you find that the environment is is clean,"You know, around here they will call it beautification, but beautification is simply cleaning up the environment, replacing waste and standing water with grass and trees. and if you go to the Western world, you find that the environment is is clean
",2.198440722,14.4639997482,0.1519939685,11.1099996567,2,True,584fbb76-d376-44c2-8abc-50deaec326a5,,0.3611111111111111,0.20388349514563106
1456,Sahara,true So if loing play a partan existence that word lock no even exist in force So how think that time and chance happen to them or lock also happen to dem or sometimes,"So if the word, if if luck didn't play a part in human existence, that word luck will not even exist in the 1st place. So I think that time and chance happens to them, or luck also happens to them, or sometimes
",2.147697669,13.6000003815,0.15791894180000002,29.4099998474,4,True,c058b335-fcb7-4be0-af4e-0cedacd45f5d,,0.6470588235294118,0.32934131736526945
177,Sahara,I just put heart and vide just post am just for fun you no get plan say na because make I already,"I just put at the video, just post term just for fun. You don't get plans saying you see. Nah, because we are already
",2.1274148999999998,7.1199998856,0.2987942323,45.4500007629,1,True,e78d46c9-7405-46dd-b6ce-dfaa9cf63e25,,0.5909090909090909,0.3402061855670103
1578,Sahara,True but get some kind baby you go tell all that dem go accept am That why you have to keep try One day go fall for you true true that wey I believe in the trut person wey don tell me no worry,"True there, but he gets okay when you go tell that they go accept up. That's why you have to keep trying. One day it will fall for you. It's actually true. It's true. I know. That's why I believe in the truth. I know person we don't know. Tell me
",2.184399461,13.1359996796,0.16629107140000002,27.2700004578,5,True,94c2eb72-49a2-41c7-9bad-fd35534d73e5,,0.6590909090909091,0.484375
892,Sahara,Why e come want make I first lie,"Where come what make her faith lie?
",1.956362204,2.2239999771,0.8796592734,25.0,1,True,755e821a-f27a-4acf-ac5e-4872508d9f45,,0.625,0.34375
859,Sahara,Na im di politician and big man sef dey go So make we dey think this matter them Wisdom Dey call us from Leg Wisdom welcome to acid Wisdom good evening,"Nai, the politician and big man self, they go. So look who they think this matter them. Wisdom, they call us from Lagos. Wisdom, welcome to our CD. Hello, good evening, Kobi. Wisdom, good evening
",2.440386599,13.5520000458,0.180075752,12.8999996185,3,True,07adcd6d-3815-4b88-bb5c-154275774861,,0.5161290322580645,0.32450331125827814
1416,Sahara,Wetin you want then you wan answer how you take see yourself because we no fit rise above the perception wey we get of our self,"Waiting you want, then you want to answer how you take see yourself, because we not feel rise above the perception when we get of ourselves.
",2.119448001,10.1120004654,0.2095973006,23.0799999237,3,True,534be9aa-e714-4556-8e27-6c9d1e44a5ce,,0.3076923076923077,0.13385826771653545
1630,Sahara,But e work for government e bring idea enter inside government Now if all of us say na asure wey bump to all of us,"But he work for government, he bring the idea and enter inside government. Now, if all of us see Nigeria as country where belong to all of us
",2.107122409,7.1040000916,0.29661069560000003,12.0,6,True,457a488b-8920-4ef8-8cf3-a0f2d385c7e5,,0.4,0.2719298245614035
1026,Sahara,He get certain votes for him kit already in the North The say very white man I dey tell una say,"He gets certain vote for Ekiti already in the north. They say Buhari while very wise man. At the term that say
",2.11562778,8.6239995956,0.2453186316,38.0999984741,6,True,8abbb38d-a769-44dd-9458-9fe2f9fe5b12,,0.5714285714285714,0.3473684210526316
1366,Sahara,very children E have that heart thatin Legos um leak and then as a new place as fentastic itampolin center,"It's very children. We have that in Lagos. We have that in Lagos, Lucky Leisure Lake, and then there's a new place that's fantastic. It's a trampoline center
",2.145994658,9.295999527,0.2308514164,15.0,4,True,2a2a3571-ae53-407b-8bd0-43cab10306ba,,1.1,0.5
1339,Sahara,"The full world dey celebrate world press freedom day, that one means say me and Nkubi now and our colleagues them wey be say we dey do this work we go get the freedom","The full world they celebrate World Press Freedom Day, that means me and Nkubi now, and our colleagues, then when we say we do this work, we go, then we will get the
",2.154096508,10.7840003967,0.1997492979,14.7100000381,4,True,22dfecb3-83a5-4da5-b55b-29ec5b6ed0f4,,0.3235294117647059,0.20606060606060606
1130,Sahara,Hey I miss say e happen now make me normal explain some today any part E most them miss this part Ek you ask question e go other affect OK you like you attempt,"Okay, I'm listening. Now let me now explain something to you again. Okay. You are asking the question is not a good order affected. Okay. I will like you to attempt
",2.145241525,11.5200004578,0.186218875,23.5300006866,2,True,9311e898-9216-4c35-9526-ce6ee62bf5b7,,0.8235294117647058,0.5660377358490566
106,Sahara,Passion to serve na he go touch dem because if we dey wait make Angel Gabriel come from down come talk say we go put lab for our school we go increase the percentage of education for budget all those ones no go work Make we go dis break come back we go continue our discussion based on as e Dey hot hot,"Passion to serve, that you go touch them, because if they wake come from down, come talk saying, we go put lap for our school, we go increase the%age of education for budget, all those who want to go work. Maybe we go this break, we will consider our discussion based on as inair
",2.231920392,15.9359998703,0.14005524660000002,22.2199993134,7,True,a8ee3767-c2a2-468a-bd02-a24ec2804747,,0.3968253968253968,0.27483443708609273
1442,Sahara,Constru contract Constru contract involves the excution of work that asiv,"Construction contract Construction contract involves the execution of works that are civil
",2.125698537,9.4359998703,0.2252753885,36.3600006104,1,True,a702618a-1a1e-47f0-bcbf-0f9915e660ac,,0.5454545454545454,0.2465753424657534
771,Sahara,Justice Oyoyibo come shift the case till Wednesday for hearing,"Justice Owoibo come shift the case till Wednesday for hearing
",2.039721808,5.6960000992,0.3580972213,40.0,1,True,bb791713-1d8a-4818-a5a8-bbe63882ab34,,0.1,0.03225806451612903
308,Sahara,Good buy young generation wey from him go ya young generation,"Goodbye, young generation. No, you can't force him, young generation
",2.263575484,5.1160001755,0.44245023580000004,27.2700004578,4,True,f4351e44-fbcc-43c9-8a06-a622e08da67d,,0.7272727272727273,0.3442622950819672
439,Sahara,Alright now time for us to take our old school muscle tetw,"Alright, now time for us to take our old school music coming all the way from Tony Tetwilla
",2.046234595,6.3520002365,0.322140195,8.3299999237,1,True,41f0acbc-cfaa-4a29-a75e-9db1fcf98c8c,,0.6666666666666666,0.5517241379310345
405,Sahara,Progest the interest of the Nan people E we don con see movemental do coola Qution movement for Neeriia say ok oh this one go E go acomodate all the interest of everybody wey dey inside ofa and they go try see how dem go take metamopause,"Project the interest of the Nigerian people. We don't come see movement, dona do Kolagunso in Lola, coalition movement for Nigeria, say Okay, this one go accommodate all the interest of everybody when they decide to borrow Nigeria, and they go try to see how them go take metamorph
",3.301975387,15.5839996338,0.2118824092,44.6800003052,8,True,cadc4301-c148-4f40-972d-ca526b7acc01,,0.5531914893617021,0.34177215189873417
1010,Sahara,So na why I just create and no fail and one old name name yea and is common with ibo people you understand na just,"So now I just create arm and you know Felicia and I want old name, name, yeah, and it's common with Igbo people, you understand
",2.11438889,8.9759998322,0.23556026400000002,44.0,8,True,fd124eb0-f0b0-4e63-abcb-434437caeb47,,0.56,0.3157894736842105
520,Sahara,This issue of notice wey you dey talk na posting abi no be posting because some people no dey even understand how this okay The one wey e clear pass na that red mark hole dey put,"This issue of notice where they talk, now posting, Abino be posting, because some people know they even understand how this own thing. The one when the clear passport and that red mark
",2.170218474,11.7760000229,0.1842916499,35.1399993896,9,True,53579f6f-0498-42df-9e35-a97c8d1d3432,,0.4594594594594595,0.25842696629213485
553,Sahara,"We need internet, our office must dey resemble people wey dey do better work for inside the country and also, houses wey dey so. Una know say 14 Judges na him dey Supreme court, wey dey carry lament, put better lamentation for the ear of the former Chief Justice Sob...","We need Internet. Our office must they resemble people where they do better work for inside the country, and also houses where they so in Ano say 14 judges, 9 days Supreme Court where they carry lamenting, put better lamentation for the year of the former Chief Justice So
",2.2110255580000002,14.1599998474,0.1561458744,44.9000015259,11,True,9a20f618-4f7f-43ff-95fc-f6abec6d9be7,,0.3,0.13026819923371646
1162,Sahara,Since na 50 people the governis ejaculation come come and talk say govern us Wetin dey happen for her state Shey e be play her root to encourage education for her state E come on Grus Grow say,"50 people, the governor, I mean the Ministry of Education can't come and talk to governors, waiting there happen from our state, share a business, and they play a role to encourage the education of our state, you can also call on groups
",10.003812579,12.6560001373,0.7904403027,18.9200000763,4,True,ce78c491-3b51-459d-8a86-348aaa633e80,,0.8947368421052632,0.5572916666666666
1186,Sahara,Um mainly in legus OK So we have we have Macol we have e have Tak bm,"Mainly in Lagos. Okay, so we have Makoko, we have Ekpe, we have Takwa Bay
",6.123441458,7.3600001335,0.8319893134,23.5300006866,5,True,f7c99ab5-5474-4cda-a39b-bcc51e3c890a,,0.5294117647058824,0.4117647058823529
44,Sahara,So na Muna give una team name now feel free,"So na mona give unatim name now, feel free
",2.837770031,3.0239999294,0.9384160374,20.0,1,True,43c47aa6-04a3-41e2-b752-957dde986a19,,0.3,0.09302325581395349
321,Sahara,When you getting married you dey marry the full family no be only just girl or no be only that guy na you dey marry,"When you are getting married, you dey marry the full family, not be only that girl, or not be only that guy now you dey marry
",3.801475432,6.5440001488,0.5809100467,48.0,7,True,c6b543d5-b143-4f69-8999-ce4f20f2e439,,0.2,0.09565217391304348
1637,Sahara,Di be the congrate of the people this based on pop So if una if una popation big,"That him is the congress of the people. This is based on population. So even at the, you know, even a population big
",4.686322176,8.3360004425,0.5621787341,44.4399986267,3,True,e11c6de4-be1a-4153-b4d2-33b2f35f9fd9,,0.7777777777777778,0.5625
1253,Sahara,The other painkillers not just me not just painkillers the also other nephroxic drugs in which na good but dey have a side effect A natur cos loose to people out of ignance also,"Now, if you fire the person when not doing work well, why they never fire them? Then will they tell you? That is why you are the organ president. Now why would they talk this matter saying to take?
",4.43137408,9.1359996796,0.485045341,35.2900009155,4,True,e8a60915-2574-4724-b7d2-2118e80851d0,,1.088235294117647,0.8248587570621468
1712,Sahara,For back here people no change no too go belle I need check am now OK OK By dey check go But na fresh go check reach dem wan get car and,"For back, yeah, then people are not. Not to check in the skin now, not back. Then I'm always threatened now. Okay, okay, but now French, but before you go straight Christian, they won't get all carry, you have been.
",3.846248357,14.0,0.27473202550000003,15.6199998856,6,True,fdf65571-e5f1-4258-a7d6-a705b425aab5,,1.09375,0.8970588235294118
432,Sahara,Conadicitary post You know if am and imprab like her,"Contradictory post, you know, if I'm an employer, I'll be like
",2.230724401,4.5760002136,0.4874834565,10.0,2,True,44e62925-2969-4594-9793-68517832bedc,,0.9,0.40384615384615385
162,Sahara,But dem go package am pack pack am more bring am back because carbal dey there wey wan use am,"But they go package am, package am, package am, bring them back because Kaba is still there, we want us.
",2.252248431,5.2960000038,0.425273495,10.0,3,True,c42fc77d-af0a-4c8d-b980-20dac85c016e,,0.65,0.3763440860215054
870,Sahara,E sometimes no be by gradral Some people don wear you without fight,"Sometimes, maybe by gradual, some people don't win you without
",2.187240737,4.5720000267,0.4783991085,38.4599990845,5,True,de2a78f7-4b0c-4766-ab8c-9fba55c9e408,,0.5384615384615384,0.2537313432835821
895,Sahara,Donic you dey there Abeg if you get chance call us back make we talk this matter This matter na matter wey be say even 1 h no go do us to talk But I believe say we don do just for the matter We don exercise say na bad thing We don exercise say na serious problem,"Dominic you delete, I beg if you get chance, call us back, make we talk this matter, this matter, Na matter when we say even one hour and no go do us to talk, but I believe say we don't do justice for the matter, we don't emphasize say na bad thing, we don't emphasize say na serious problem
",3.093971226,15.468000412,0.2000239943,45.6100006104,17,True,ff7b6208-a03b-4418-8609-3226dfb4ac02,,0.25862068965517243,0.16030534351145037
297,Sahara,4's younger brother but for me I go like to have my own,"Four, actually, and he's my mom's younger brother, but for me, I would like to have my own.
",2.322665003,6.271999836,0.3703228737,23.0799999237,2,True,3a5e8996-612b-4a00-be85-50394fbb529d,,0.5714285714285714,0.6
1501,Sahara,and then e tell me that e wan me to join Mines And how you react on OR join when I join Mines,"And then he told me that he wanted me to join Mavens. And how did you react? Come on, when you're doing Maven
",2.436741919,8.704000473,0.2799565472,34.7799987793,2,True,a37e6b41-020e-4375-b9e8-7f59e9913382,,0.5652173913043478,0.34408602150537637
510,Sahara,August okay May June July August 4 Ok so no your body the morning note No Ord like say no bin good so far No see keeping you safe very,"August, Okay, May, June, July, August 4, Ok, so no Yobadimon moment. No, it's weird actually. No, it's been good so far. No one has. MCGIX is keeping you safe. Very.
",2.465698977,11.1999998093,0.22015169810000002,44.8300018311,6,True,74410345-75de-4f7e-af92-c3c06042f1e1,,0.5,0.373134328358209
392,Sahara,In few cases we dey do do an MRI of the breast We dey view too,"The total of The asset side must equal to the total of the liability side
",2.868132018,7.3759999275,0.38884653550000003,37.5,4,True,1f372406-f779-43cf-a456-1b1e1b2b0cd7,,0.9375,0.8709677419354839
1758,Sahara,I don dey spoil don dey spoil e don dey but tell am again one more time final time now,"I done done the spoil, done the spoil, he done the spoil. Tell me again one more time, final time now
",2.4565173380000003,11.0089998245,0.22313719480000002,40.0,3,True,a350920a-c8dc-4d45-9c28-d55de4f35c7a,,0.5,0.26744186046511625
658,Sahara,"People get issue with government dey go court dem no fight or dem no do violence, court con give the dem judgement, government go still talk say dem no do go anything, na wetin dey cause all dis bad bad things wey we dey see for country, e no suppose be so","People get issue with government, they go court, they don't fight, they don't do violence. Court come give them a judgement, government will sit up saying they don't do anything. Now waiting they cause all this bad parting with the sea for country, they are not supposed to
",2.471520947,13.4239997864,0.18411211160000002,34.6199989319,23,True,53b3a38f-d8eb-4751-9676-ddfbd7c8ed60,,0.6346153846153846,0.3134920634920635
309,Sahara,No be anybody as trauma when she win We get meeting her papa and mama her guardian dey sit down We say her beg go,"No be anybody. Ashoma, when she wins, we get meeting, her papa and mama, her guardian, they sit down, we say Abego
",2.21825569,8.0640001297,0.2750813063,44.0,4,True,058960b0-dfb4-463a-a666-60c5690d0479,,0.28,0.12389380530973451
1425,Sahara,I waka go free up charge I no collect money for hand E just I no go CMS for this kind thing and night I dey go CMS And also I gats one small question if you answer the question well you go mean 1,"I will carry you where they go free of charge, I don't collect money for your hand. You just tell me they go to CMS for this kind and night they go to CMS. And also, I will ask one small question. If you answer the question well, you will win 1000 naira
",2.290432855,10.5279998779,0.2175563147,34.0900001526,6,True,52d8a3c7-4324-4692-a266-1bd414a82cdb,,0.5333333333333333,0.441025641025641
36,Sahara,Leadership by servitude you be leader but you be servant because na the people wey put you there na their interest na you dey work for,"Leadership by servitude, you will be leader, but you will be servant, because that the people who put you there, that their interest
",2.172065845,6.9600000381000005,0.3120784243,11.5399999619,1,True,20a65b12-0986-4210-8658-2d231d396dc9,,0.38461538461538464,0.2835820895522388
691,Sahara,But morning my body just give me 200 2003 till date I don think but you no those of us dey live in legs you have the benefit of experiencing,"But one is stronger than the other. From 2003 till date, I don't think you know those of us that live in Lagos, you have the benefit of
",3.49679787,11.6160001755,0.3010328699,21.4300003052,1,True,54f18c42-9e12-4350-bef2-e423fbdccabf,,0.43333333333333335,0.4
1142,Sahara,Now there's a new thing now phone get some kind phone wey you fit just open YouTube for the children to just dey watch some some videos You feel say e dey right,"Ah, there's a new thing now, phones, you get some kind phone where you just open You Tube for the children to just they watch some some videos. Do you feel safe? Did they write?
",2.489001953,10.0959997177,0.2465334808,39.3899993896,8,True,7c147930-8861-456c-8276-23c96e611368,,0.38235294117647056,0.2
51,Sahara,O ya we hear you talk charies fit dey hear you We we dey year you ya tongue turn Good morning,"Oyabeku hear you talk. Cherry, Will they hear you? Oya talk, talk. Good morning, Kubi. Good morning
",2.326141603,11.7550001144,0.1978852897,9.5200004578,1,True,3f50880d-9c93-474c-9b44-692b301358a2,,0.6666666666666666,0.43010752688172044
368,Sahara,Old workers nobody sey anything I think the time don come for us to begin to read strong questions We must begin to ask questions on this country Then the 3rd leg which is very important,"Oh, workers, nobody saying anything. I think the time don't come for us to begin to raise strong questions. We must begin to ask questions in this country. Then the 3rd leg, which is
",2.259429022,11.9200000763,0.1895494134,19.4400005341,4,True,e4aa26e7-f928-4209-bd14-5d81fd40c400,,0.19444444444444445,0.15053763440860216
1503,Sahara,Na the okal predo na e go call because like no people talk the bug stop satis stable So e must work round the drug to use enckure say make nobody cause am embarrassment and make nobody spoil him name,"Na the Oga presido, Nai Nego Co, because like Onibo will talk, the box stops at his table, so he must walk round the clock to use the ensure say, may nobody cause some embarrassment, and may nobody
",2.23122563,10.9919996262,0.20298632700000002,37.5,5,True,4eb17daf-52f0-4489-be86-040ebc56eb87,,0.6,0.3065326633165829
196,Sahara,We no want continuity we wan astem wey at least The den att dey distracted by one cut case or the other So the dystractor una don distract am since December Since September of 2015 una now una come know say una no like distraction wetin dey tell una say,"We don't want continuity, we want a system where at least the National Assembly don't go there distracted by one court case or the other. So the distraction since December, since September of 2015, you know, now in our country, say we are not like distraction. When Nigerians tell you
",2.435416129,15.4239997864,0.1578978321,38.7799987793,12,True,eeb2b446-fa4a-4302-991a-46f5f1d359d6,,0.6,0.3952569169960474
1511,Sahara,Na that fight dey make the marriage sweet because you know when you make up,"Now that fights, they make the marriage sweet, because you know when you make up
",2.546504416,3.6640000343,0.6950066572,46.6699981689,1,True,5b6b5bf0-c34d-4971-8fdb-6434e070d586,,0.2,0.06666666666666667
1264,Sahara,To flex your ontopinoral muscle its the best kind of business for those who have the ontopal bone inside of dem but dem no want to go into taking on the massive risk of going into tradional,"To flex your entrepreneurial muscle. It is the best kind of business for those who have the entrepreneurial bone inside of them, but they do not want to go into taking on the massive risk of going into traditional businesses.
",2.450272129,15.9359998703,0.1537570375,27.0300006866,2,True,294a9518-56f7-47f5-a34a-0a367e7c5a00,,0.2702702702702703,0.2222222222222222
84,Sahara,Ok na that I never do that kind thing before say,"Ok, if not, I never do that kind of thing before
",2.012454859,2.9440000057,0.6835784155,9.0900001526,1,True,9727f11e-5896-4f9d-a54c-59b51a84c06a,,0.36363636363636365,0.25
1061,Sahara,Actually falling after that has a lot of healing powers towards of disease Therw e people when during their when e come so people when their actually getting very old,"Actually, funny enough that that has a lot of healing powers towards a lot of diseases. There are people when during their old, when it comes to people when they are actually getting very old
",2.22068912,10.3839998245,0.21385681410000001,33.3300018311,2,True,1ab27324-7280-43d2-b7e5-3d0620249519,,0.4666666666666667,0.21686746987951808
1767,Sahara,"But at the same time when there's darkness, you have to...., because body no be firewood now","But at the same time, when there's darkness, you have to, because
",2.059916105,4.4959998131,0.4581664125,29.4099998474,2,True,f0ea4153-34de-4e70-a2e8-c9b90a69256e,,0.2777777777777778,0.27906976744186046
1079,Sahara,To get schools wey sabi teach children individual pick out their talents na money I get one,"To get schools, Wazabi teach children individually pick out their talents now money
",2.385720171,5.9200000763,0.40299326690000004,29.4099998474,8,True,bad5c596-324f-4d6d-a134-525e740e29e6,,0.4117647058823529,0.1978021978021978
1094,Sahara,WHOUST adjust our style then the weight virus as naturally adjust our lifestyle for life Life no go go back to the old normal the again new normal now That why your right flare Make we relate to adult,"If we could just adjust our style, anyway, coronavirus has naturally adjusted our lifestyle for life. Life is not going to go back to the old normal. There is already a new normal now. That is why you ask me
",2.370530289,13.984000206,0.1695173237,30.7700004578,11,True,e13f2947-a75a-4718-a9d3-dfbfff8c6a11,,0.6923076923076923,0.425
1426,Sahara,Um something else wey happen is in electrolyte abnormal abnormality which just means things like your passium level sodium levels,"Something else that can happen is an electrolyte abnormality, abnormality, which just means certain things like your potassium levels, sodium levels
",2.207369702,9.0559997559,0.2437466609,10.0,2,True,ed14b80f-1f45-4f01-8374-1509c00a4b5a,,0.4,0.20155038759689922
104,Sahara,At the point time e start going down you no pop dey involve,"At the point in time he started going down, you know, popped, you know, so be had to evolve
",2.005028831,4.4800000191,0.4475510764,46.1500015259,3,True,0d8ad49b-6ddb-4f43-ac1d-93bbedb830e2,,0.9230769230769231,0.5254237288135594
130,Sahara,To sit and discipline themselves E like you go to the university and you advise chance Sor lecurs,"To sit and discipline themselves. It's like you go to the university and you have vice chancellor, sorry, lecturers
",2.170722524,8.0,0.2713403155,27.7800006866,1,True,77af86cb-cb08-497a-b1e4-d179ebc4057a,,0.3888888888888889,0.18556701030927836
1112,Sahara,Any of these numbers just call am between 4 and 5,"Any of these numbers, just column between 4 and 2.
",2.052048472,3.7760000229,0.543445037,22.2199993134,2,True,506eb29b-8ac5-429c-9cb6-9bbfb803909e,,0.2727272727272727,0.12244897959183673
1318,Sahara,Alright guys no go anywhere The show continues after this break go be right back na still the ogun,"Alright, guys, no go anywhere. The show continues after this break. We'll be right back. Now still the open game
",2.4048961760000003,6.3200001717,0.38052153650000003,36.8400001526,3,True,3846f140-2d23-4e2f-b2dd-08c8054e7d61,,0.2631578947368421,0.14285714285714285
1571,Sahara,Na wetin IMF don look come talk say K leg enter inside this arrangement If we dey give tax holiday make we know say na genu people wey wan invest in business After all if we set up business for this country no be narrhea we go emlo no go enlo for Gana,"Now what the IMF don't look, come talk, say, K leg, enter inside this arrangement. If they give tax holiday, make we know saying that genuine people won't want to invest in business. After all, if we set up business for this country, nobody Nigerians will be employed. We don't go employ people from Ghana
",2.376331605,12.3360004425,0.19263387810000002,24.5300006866,12,True,139a558e-f545-4ed7-b752-51753a9a63e8,,0.4528301886792453,0.28286852589641437
1626,Sahara,Because dem give me two hey Kie miski body stop playing and great dr Akapella I use sere as why I side as say you all sit down lose dis guy talk me off King write the on stage I dey side am and Ikopella and to sound,"Because they give me too high key, I was pitching with the key. Mr. Keyboard is stopping playing. I'm going to do acapella. Are you serious? That's why I said, I said you all sit down and listen. This guy took me off key. He was playing to her right there on stage and they sat down and I did the acapella and I did the song.
",3.723168989,16.2240009308,0.22948525490000002,12.5,2,True,b48bdca9-83ed-4ac8-bce4-f1cc95e3833c,,1.0833333333333333,0.6930232558139535
121,Sahara,From that place wey dem dey from people wey come out to say I wan to repret my people from this political party dem go choose the best person wey go go for general election for the full people to vot na that one dey call indirect primary But some people don dey complain say inrect primary,"From that place when they, from people wait come out to say, I want to represent my people from this political party, they go choose the best person when go go for general election for the full people to vote. That one they call indirect primary. But some people don't complain this indirect
",2.547253166,15.7440004349,0.1617919903,40.3499984741,11,True,30db1a8a-df36-4948-b2df-8f5fa47d17b7,,0.2631578947368421,0.14186851211072665
1198,Sahara,The US Dey display different different planant for the visit wey they do Na general begin yam Expot to UK and US come June 29 a good one If you start to get impot,"The youths, they display different different placards for the visit where they do. Nigeria begins yam export to UK and US come June 29. That's a good one. If we start to get import
",2.375694356,14.1759996414,0.16758566700000002,39.3899993896,7,True,7c0ddb55-47f3-42db-9ccc-8e36ecd4c3cd,,0.35294117647058826,0.19753086419753085
865,Sahara,Anybody wey dem find say e stay this morning make dem prostate am,"Anybody where them fine say he stayed this morning, make them prostatum
",2.083265393,4.0929999352,0.5089825131,30.7700004578,5,True,e050937a-c274-4a79-9329-bcd1895872ef,,0.6153846153846154,0.2153846153846154
804,Sahara,And this thing I wan take E the last time I do this this the insult I get Now this time I no go get am But e dey not wey we think say,"And this thing, I won't take it. The last time I did it, this is the insult I get. Now this time I know we'll get her. But in the north, when we think
",2.23209327,9.6479997635,0.2313529565,20.5900001526,8,True,e7594366-a330-42d2-a985-d0e69bbb4401,,0.4411764705882353,0.2631578947368421
1297,Sahara,OK So now that e no well we move yond What your defination of him healthy relationship,"OK, so now that in Norway we move young, what's your definition of healthy relationship?
",2.188514803,8.0089998245,0.2732569423,23.5300006866,4,True,5466fdf3-e0d8-42b2-985f-4b25ee8a7463,,0.4117647058823529,0.1744186046511628
355,Sahara,Ok Oga 1st us you dey there I just wan check whether you dey hear us loud and clear,"To enjoy more of this our Ogbonge videos when you just watch, press this button to subscribe on top of our You Tube page, Hugo Loveham
",2.295716676,12.6420001984,0.1815944186,15.7899999619,1,True,2a654dc5-228c-452a-9ff4-6e0382b36f8d,,1.3157894736842106,1.0602409638554218
719,Sahara,Alright and we look forward to many more stories than you be Sharing we keep ourt and appressed with you and the rest of the team as you keep uncovering a lot of the heels that going on in society your new show African eye,"Alright, and we look forward to many more stories that you'll be sharing. We'll keep our thoughts and our prayers with you and the rest of the team as you keep uncovering a lot of the ills that are going on in our society via your new show, African Eye
",2.834326298,12.4160003662,0.2282801397,4.4400000572,2,True,cc617700-f568-4983-9172-6497fa65752d,,0.24444444444444444,0.17567567567567569
99,Sahara,We register in na jose for the whole of Afric We register in najor but this plastumo Sori plastum job,"We register in Nigeria, of course, for the whole of Africa. We register in Nigeria, but this is platform.com, platform job.com, sorry, platformjob.com
",2.175924092,9.6479997635,0.2255311096,30.0,6,True,d99f325e-f91e-46aa-9e88-0f7486ea66c0,,0.65,0.5346534653465347
1726,Sahara,To enjoy more of dis ourbun videos when you just watch press this button to sub on top of her Uage you go love am,"To enjoy more of this our Ogunge videos when you just watch, press this button to subscribe on top of our You Tube page, Hugo Loveham
",2.187722213,8.8470001221,0.2472840718,48.0,3,True,8b624467-e2d1-43e2-bdd2-d45cee1cdd43,,0.4,0.24778761061946902
1330,Sahara,Right back Una bad girl Dis na warm people na OK that one easy one yella OK drink B,"Be right back. Of course, now you're not a bad girl. This naira was up people now. Okay, let's give you the easy one. No, so woke you. Okay, Drake, BTW
",2.215097771,9.6599998474,0.2293061911,47.3699989319,4,True,14b0abff-5db9-4da8-842d-0bc1c450cdf2,,1.368421052631579,0.8795180722891566
282,Sahara,"as the story dey unfold. Moving on from there, we get this other story wey concern the Nigerian police because right now some people dey clamour say we need state policing some other people dey say","As the story, they unfold. Moving on from there, we get this other story we concern the Nigerian police, because right now some people they clamour, so we need state policing, some other people they say
",2.568313856,13.0880002975,0.1962342449,25.0,7,True,8cf86f48-2272-497e-b637-febd91d76f4e,,0.1388888888888889,0.046153846153846156
693,Sahara,No wey dem go give your diet diet diet things,"No, when you call you diet, diet, diet things
",2.026162978,3.6319999695,0.5578642607000001,40.0,1,True,d27631e3-108d-4d5e-987d-7e4fbace8ea4,,0.5,0.26666666666666666
145,Sahara,This time no be him turn,"This time no be informed.
",1.7802606710000002,2.0320000648,0.8761125070000001,33.3300018311,1,True,ef2e00bf-5a4d-4add-bfbc-b614125e8b5c,,0.3333333333333333,0.3333333333333333
1214,Sahara,So long as your papa na idia your mama na ida where e naeria exact All dis talk about say Ea brother na,"So long as your papa and Nigerian and your mama are Nigerian, you are a Nigerian. Exactly. All this talk about say Nauna brother now
",2.09349148,6.0799999237,0.3443242609,21.7399997711,5,True,74c7bba6-76f1-4228-a5ba-7f56c17828b4,,0.5652173913043478,0.3786407766990291
4,Sahara,"Must perform must get command performance, okay. So na that one be comedy show","Must perform, Must get,nd performance. So now that won't become a
",2.084243255,5.5359997749000005,0.3764890426,35.7099990845,2,True,745563a8-ab0c-433c-a765-8c52ea08ff85,,0.5,0.2894736842105263
750,Sahara,"To make sure say this badness no happen for our roads, make dem start to dey take am immediately. E say safety precautions and routine maintenance are taken for granded by vehicle owners. E say right now","To make sure, say this badness not happen for our roads, may they start to the take arm immediately. He said safety precautions and routine maintenance are taken for granted by vehicle owners. He said right now
",2.278069073,13.0559997559,0.1744844604,40.5400009155,5,True,108914ef-9672-4f9c-905f-682d398d3d0a,,0.2702702702702703,0.085
906,Sahara,"You know sometimes people in power, directors, producers, writers dey sleep with","You know, sometimes people in power, directors, producers, writers, they sleep
",2.103566873,5.3600001335,0.3924564964,8.3299999237,2,True,658952cd-aca6-4677-b0cf-5bb40c117d11,,0.16666666666666666,0.09090909090909091
1118,Sahara,He was very funny He say something like hello is 911 my girlfriend has refuse to give me some use the A word to give me a piece of a piece of,"It was very funny. He said something like, Hello, it's 911. My girlfriend has refused to give me some, use the A word, to give me a piece of a piece
",2.1959913220000002,7.5679998398,0.2901679927,6.4499998093,2,True,323140c6-45c7-420a-ba3a-d82980f56506,,0.1875,0.07092198581560284
992,Sahara,How many school baed about even the arrest na now we see,"How many scorers? How many people are bothered about even the arrest now? Now we see teeth
",2.11323041,6.4159998894,0.3293688352,50.0,3,True,29e61f41-790f-4ce4-a791-eff60e34ab3f,,0.6666666666666666,0.6071428571428571
1087,Whisper Tiny,Inside studio channel Sorry we don una no too get time at least we hope for like 5 min No vex other Your name wetin be your real name, It's a studio cheddar cheddar. I'm sorry. We don't want to get time. At least we ought to for like five minutes. Don't mess with cheddar. Your name. What's in your room name?,2.7746006850000002,7.9200000763,0.3503283659,39.2900009155,6,True,,,0.7931034482758621,0.48872180451127817
1129,Whisper Tiny,And puting up post on our recent gathers or things about come up so people go usually easily join in, and putting up posts on our recent gatherings or things about to come up so people can easily join in.,0.367029618,6.2399997711,0.0588188512,15.0,2,True,,,0.3,0.17
1149,Whisper Tiny,You then if you go there you no see medicine," And you've got that, you've not seen my friends.",0.272481021,2.9279999733,0.09306045880000001,40.0,1,True,,,1.0,0.6590909090909091
731,Whisper Tiny,E must too old before you go marry," Yeah, you must do whatever you want, Mary.",0.26261072900000004,2.4639999866,0.10657903020000001,50.0,2,True,,,0.875,0.6470588235294118
407,Whisper Tiny,Ince how much you look for this election,蜜蜂蜜蜂蜂蜂蜂蜂蜂蜂蜂蜂蜂蜂蜂蜂蜂蜂蜂蜂蜂蜂蜂蜂蜂蜂蜂蜂蜂蜂蜂蜂蜂蜂蜂蜂蜂蜂蜂蜂蜂蜂蜂蜂蜂蜂蜂蜂蜂蜂蜂蜂蜂蜂蜂蜂蜂蜂蜂蜂蜂蜂蜂蜂蜂蜂蜂蜂蜂蜂蜂蜂蜂蜂蜂蜂蜂蜂蜂蜂蜂蜂蜂蜂蜂蜂蜂蜂蜂蜂蜂蜂蜂蜂蜂蜂蜂蜂蜂蜂蜂蜂蜂蜂蜂蜂蜂蜂蜂蜂蜂蜂蜂蜂蜂蜂蜂蜂蜂蜂蜂蜂蜂蜂蜂蜂蜂蜂蜂蜂蜂蜂蜂蜂蜂蜂蜂蜂蜂蜂蜂蜂蜂蜂蜂蜂蜂蜂,4.087216736,5.4559998512,0.7491233225,50.0,3,True,,,1.0,3.7
1640,Whisper Tiny,How the school how you wan take that teacher Wetin be the settum exactly No be they about the structure Na about the content structure go just dey for long But that content of that structure na im make we dey look We get chim chim good morning all the way from woman," How this could be one thing? What did meet this set of has not been eaten about this structure? Now, by the content structure we don't stay for long. But that's the content of that structure. Now, you look at the root. We got cheap, cheap, but good morning, all the way from Umaagya.",0.87454676,14.5080003738,0.060280310000000004,43.4000015259,11,True,,,0.6792452830188679,0.40225563909774437
11,Whisper Tiny,"The world, na just the level with which e dey happen na e dey differ For some places, it is ranked so high and for some places it's ranked so low"," the world. Now, just the level we treat, they happen, 90 different. For some places, it is ranked so high. And for some places, it's ranked so low.",0.45163597200000005,8.8159999847,0.051229125800000004,41.9399986267,2,True,,,0.28125,0.16783216783216784
1439,Whisper Tiny,One party na im dysing angeria or," Won't party like this, Troy like you, y'all!",0.26889775600000004,3.0239999294,0.0889212177,28.5699996948,1,True,,,1.2857142857142858,0.7878787878787878
1654,Whisper Tiny,Yeah so dem possibility say along the line, So there is a possibility to say along the line.,0.258304758,3.3280000687,0.0776156108,37.5,4,True,,,0.625,0.3333333333333333
665,Whisper Tiny,Conclusion logical make we see the final wheeastle of this matter No be rgical conclusion wey say the end go hang somewhere," Conclusion, logic card, meucucity, final whistle of this battle. No melodic card conclusive, say the end, go hand some way.",0.411119712,7.0399999619,0.0583976867,40.9099998474,8,True,,,0.6363636363636364,0.3089430894308943
754,Whisper Tiny,How true is the issue of the polish and the issue of the polish with the cortion there I dey show also investigate how I dey doing while I dey posting people to VI or making morning to their pocket," Outro is the issue of the police and the issue of the police, the corruption, the issue also investigates. Are they doing? Why are they putting people to fear or making money to their pockets?",0.5218317210000001,12.0799999237,0.043197990400000004,47.5,3,True,,,0.525,0.2639593908629442
222,Whisper Tiny,The water dey come from too Where the sore dey come from, What are the confronts? Where the soil they come from?,0.257923299,3.0399999619,0.0848431915,41.6699981689,3,True,,,0.6666666666666666,0.35714285714285715
1255,Whisper Tiny,unless make work more people go join this very nice and I know say you na person wey dey bring creativity enter inside im some of your um jokes Tell us about these events wey you get on ground now, found that institutions like the state and the federal institutions. And how many people can afford to send their children to private universities? Let's give an instance. Let's give an instance.,0.5218833350000001,13.984000206,0.037320032,42.5,7,True,,,0.975,0.7806122448979592
996,Whisper Tiny,Wey fire dey burn for your body mass And na you Dey do the magic on top their body to make dem feel say e dey actually actually burn Just one question question for my mouth," This is the best time ever to be involved in music. Generally, when I see something we produce, I would say, I would say, I would say, I would say, I would say, whatever you are.",0.550052529,10.0959997177,0.054482225100000004,41.6699981689,9,True,,,0.9722222222222222,0.7790697674418605
451,Whisper Tiny,"Ok Em this is the third edition,musin center,we still have not changed venue but we changed space from shell hall"," Okey, ini adalah diteredikian. Maksud saya, saya stilla tidak akan mempunyai penjumpa penjumpa penjumpa penjumpa penjumpa penjumpa penjumpa penjumpa penjumpa penjumpa penjumpa penjumpa penjumpa penjumpa penjumpa penjumpa penjumpa penjumpa penjumpa penjumpa penjumpa penjumpa penjumpa penjumpa penjumpa penjumpa penjumpa penjumpa penjumpa penjumpa penjumpa penjumpa penjumpa penjumpa penjumpa penjumpa penjumpa penjumpa penjumpa penjumpa penjumpa penjumpa penjumpa penjumpa penjumpa penjumpa penjumpa penjumpa penjumpa penjumpa penjumpa penjumpa penjumpa penjumpa penjumpa penjumpa penjumpa penjumpa penjumpa penjumpa penjumpa penjumpa penjumpa penjumpa penjumpa penjumpa penjumpa penjumpa penjumpa penjumpa penjumpa penjumpa penjumpa penjumpa penjumpa penjumpa penjumpa penjumpa penjumpa penjumpa penjumpa penjumpa penjumpa penjumpa penjumpa penjumpa penjumpa penjumpa penjumpa penjumpa penjumpa penjumpa penjumpa penjumpa penjumpa penjumpa penjumpa penjumpa penjumpa penjumpa penjumpa penjumpa penjumpa penjumpa penjump",3.589879348,7.1840000153,0.49970480800000006,9.0900001526,2,True,,,5.2727272727272725,8.469026548672566
1399,Whisper Tiny,because of the way wey be say," et c'est parce que ça me dit, ouais, mais c'est...",0.31893143900000004,2.0639998913,0.1545210542,42.8600006104,1,True,,,1.7142857142857142,1.1724137931034482
508,Whisper Tiny,Potor go dey price him market. But now ehh Mavis, Bagaimana saya akan beritahu makan? Ya. Bagaimana sekarang? Mabis.,0.304289321,5.4400000572,0.0559355364,20.0,2,True,,,1.0,0.9787234042553191
1380,Whisper Tiny,You get dem to be moody sometimes.Sometimes dey cooperate with you dey take their medicines sometimes the don't, You get them to be moody sometimes. Sometimes they cooperate with you. They take their medicines. Sometimes they don't.,0.344938872,6.1599998474,0.0559965715,16.6700000763,6,True,,,0.2,0.06306306306306306
982,Whisper Tiny,from guys just to collect more money to survive All of these things na wetin we suppose put together, Редактор субтитров А.Свиста Корректор А.Свиста Корректор А.Свиста Корректор А.Свиста Корректор А.Свиста Корректор А.Свиста Корректор А.Свиста Корректор А.Свиста Корректор А.Свиста Корректор А.Свиста Корректор А.Свиста Корректор А.Свиста Корректор А.Свиста Корректор А.Свиста Корректор А.Свиста Корректор А.Свиста Корректор А.Свиста Корректор А.Свиста Корректор А.Свиста Корректор А.Свиста Корректор А.Свиста Корректор А.Свиста Корректор А.Свиста Корректор А.Свиста Корректор А.Свиста Корректор А.Свиста Корректор А.Свиста Корректор А.Свиста Корректор А.Свиста Корректор А.Свиста Корректор А.Свиста Корректор А.Свиста Корректор А.Свиста Корректор А.Свиста Корректор А.Свиста Корректор А.Свиста Корректор А.Свиста Корректор А.Свиста Корректор А.Свиста Корректор А.Свиста Корректор А.Свиста Корректор А.Свиста Корректор А.Свиста Корректор А.Свиста Корректор А.Свиста Корректор А.Свиста Корректор А.Свиста Корректор А.Свиста Корректор А.С,4.090037774,5.1840000153,0.7889733337,31.5799999237,1,True,,,7.7894736842105265,9.16
1548,Whisper Tiny,All those things Dey cause problem for suicide Dey cause by suciety but we do hope say this gbry elects go Dey catchly the place like cano Because if truly true at the end no allow the PDP to condom elect for cano Her people don Dey show signs of fears say them no sure wetin happen," All those things, time to be cost problem for society. Because we do hope that this government today election is good. It's good. It's good. It's good. It's good. It's good. It's good. It's good. It's good. It's good. It's good. It's good. It's good. It's good. It's good. It's good. It's good. It's good. It's good. It's good. It's good. It's good. It's good. It's good. It's good. It's good. It's good. It's good. It's good. It's good. It's good. It's good. It's good. It's good. It's good. It's good. It's good. It's good. It's good. It's good. It's good. It's good. It's good. It's good. It's good. It's good. It's good. It's good. It's good. It's good. It's good. It's good. It's good. It's good. It's good. It's good. It's good. It's good. It's good. It's good. It's good. It's good. It's good. It's good. It's good. It's good. It's good. It's good. It's good. It's good. It's good. It's good. It's good. It's good. It's good. It's good. It's good. It's good. It's good. It's good. It's good. It's good. It's good. It's good. It's good. It's good. It's good. It's good. It's good. It's good. It's good. It's good. It's good. It's good. It's good. It's good. It's good. It's good. It's good. It's good. It's good. It's good. It's good. It's good. It's good. It's good.",3.809782818,15.1040000916,0.2522366787,43.8600006104,13,True,,,5.807017543859649,3.602836879432624
760,Whisper Tiny,No around here dem callfication but butationly cleaning up the environment replacing waist and standing water with grass and frees And if you go to the Wester world you find that the environment is is clean," Around here, they call it beautification, but beautification is simply cleaning up the environment, replacing waste and standing water with grass and trees. And if you go to the Western world, you find that the environment is clean.",0.527324801,14.4639997482,0.0364577441,11.1099996567,2,True,,,0.3333333333333333,0.1796116504854369
1456,Whisper Tiny,true So if loing play a partan existence that word lock no even exist in force So how think that time and chance happen to them or lock also happen to dem or sometimes," So if the word if if love didn't play and a path in human existence, that would lock a new in existence in the first place. So I think that time and chance happens to them or love also happens to them.",0.5600020250000001,13.6000003815,0.0411766183,29.4099998474,4,True,,,0.7941176470588235,0.46706586826347307
177,Whisper Tiny,I just put heart and vide just post am just for fun you no get plan say na because make I already," I just would add, I don't know if you just post them just for fun. And you don't, you don't get plastic. No, no, because I already...",0.452427884,7.1199998856,0.0635432432,45.4500007629,1,True,,,0.8636363636363636,0.5773195876288659
1578,Whisper Tiny,True but get some kind baby you go tell all that dem go accept am That why you have to keep try One day go fall for you true true that wey I believe in the trut person wey don tell me no worry," True that. But again, again, it gets okay. Deep and good. That's why you have to keep trying one day before for you. It's true. That's true. That's why I believe in the truth. Tell me.",0.6555652780000001,13.1359996796,0.0499060059,27.2700004578,5,True,,,0.6590909090909091,0.484375
892,Whisper Tiny,Why e come want make I first lie, Work on what we can fit like.,0.220064525,2.2239999771,0.0989498774,25.0,1,True,,,1.0,0.5625
859,Whisper Tiny,Na im di politician and big man sef dey go So make we dey think this matter them Wisdom Dey call us from Leg Wisdom welcome to acid Wisdom good evening," Now in the politician, I'll big myself they go. So look what they think this matter them. Whistom! They call us from Legos. Whistom, welcome to our city of Hurt. You're a great man, Bobby. Whistom, good evening.",0.6604448310000001,13.5520000458,0.048734122500000004,12.8999996185,3,True,,,0.8387096774193549,0.4900662251655629
1416,Whisper Tiny,Wetin you want then you wan answer how you take see yourself because we no fit rise above the perception wey we get of our self, We'll see you once. Then you won't answer how you take see yourself because we know if you rise up or if perception will be kept of ourself.,0.425354512,10.1120004654,0.0420643288,23.0799999237,3,True,,,0.6538461538461539,0.28346456692913385
1630,Whisper Tiny,But e work for government e bring idea enter inside government Now if all of us say na asure wey bump to all of us," But it worked for goldmete. It bring idea and dice I goldmete. Now if all of us see Nigeria, ask what you will belong for law force.",0.487110973,7.1040000916,0.0685685482,12.0,6,True,,,0.72,0.5526315789473685
1026,Whisper Tiny,He get certain votes for him kit already in the North The say very white man I dey tell una say, He gets at him but for him he is already in the north. He is very wild. Very wild man. And he said he would not stay here.,0.42666321900000004,8.6239995956,0.049473937700000005,38.0999984741,6,True,,,0.9047619047619048,0.5578947368421052
1366,Whisper Tiny,very children E have that heart thatin Legos um leak and then as a new place as fentastic itampolin center," It's very true. We have that in Lagos. Yeah, that's in Lagos. Um, like Elisolique. And it is a new place as fantastic. It's, um, a trampoline center.",0.532349458,9.295999527,0.057266510900000005,15.0,4,True,,,1.05,0.5566037735849056
1339,Whisper Tiny,"The full world dey celebrate world press freedom day, that one means say me and Nkubi now and our colleagues them wey be say we dey do this work we go get the freedom"," The full world is celebrate world press freedom day. Now I miss it, me and I don't copy now. And I want colleagues that want me to sell with the loony's walk. We go, then we will get a free dog.",0.55815519,10.7840003967,0.0517577123,14.7100000381,4,True,,,0.7941176470588235,0.45454545454545453
1130,Whisper Tiny,Hey I miss say e happen now make me normal explain some today any part E most them miss this part Ek you ask question e go other affect OK you like you attempt," I can't do this thing. No, no, no, no, no, no, no, no, no, no, no, no, no, no, no, no, no, no, no, no, no, no, no, no, no, no, no, no, no, no, no, no, no, no, no, no, no, no, no, no, no, no, no, no, no, no, no, no, no, no, no, no, no, no, no, no, no, no, no, no, no, no, no, no, no, no, no, no, no, no, no, no, no, no, no, no, no, no, no, no, no, no, no, no, no, no, no, no, no, no, no, no, no, no, no, no, no, no, no, no, no, no, no, no, no, no, no, no, no, no, no, no, no, no, no, no, no, no, no, no, no, no, no, no, no, no, no, no, no, no, no, no, no, no, no, no, no, no, no, no, no, no, no, no, no, no, no, no, no, no, no, no, no, no, no, no, no, no, no, no, no, no, no, no, no, no, no, no, no, no, no, no, no, no, no, no, no, no, no, no, no, no, no, no, no, no, no, no, no, no, no, no, no, no, no, no, no, no, no, no, no, no, no, no, no, no, no, no, no, no, no, no, no, no, no, no, no, no, no",4.210142831,11.5200004578,0.36546377290000004,23.5300006866,2,True,,,6.617647058823529,3.930817610062893
106,Whisper Tiny,Passion to serve na he go touch dem because if we dey wait make Angel Gabriel come from down come talk say we go put lab for our school we go increase the percentage of education for budget all those ones no go work Make we go dis break come back we go continue our discussion based on as e Dey hot hot, O que é que é que é que é que é que é que é que é que é que é que é que é que é que é que é que é que é que é que é que é que é que é que é que é que é que é que é que é que é que é que é que é que é que é que é que é que é que é que é que é que é que é que é que é que é que é que é que é que é que é que é que é que é que é que é que é que é que é que é que é que é que é que é que é que é que é que é que é que é que é que é que é que é que é que é que é que é que é que é que é que é que é que é que é que é que é que é que é que é que é que é que é que é que é que é que é que é que é que é que é que é que é que é que é que é que é que é que é que é que é que é que é que é que é que é que é que é que é que é que é que é que é que é que é que é que é que é que é que é que é que é que é que é que é que é que é que é que é que é que é que é que é que é que é que é que é que é que é que é que é que é que é que é que é que é que é que é que é que é que é que é que é que é que é que é que é que é que é que é que é que é que é que é que é que é que é que é que é que é que é que é que é que é que é que é que é que é que é que é que é que é que é que é que é que é que é que é que é que é que é que é que é que é que é que é que é que é que é que é que é que é que é que é que é que é que é que é que é que é que é que é que,3.546093408,15.9359998703,0.2225209235,22.2199993134,7,True,,,7.0476190476190474,4.059602649006623
1442,Whisper Tiny,Constru contract Constru contract involves the excution of work that asiv, construction contracts. Construction contracts involves the execution of works that are civil.,0.263909659,9.4359998703,0.0279683831,36.3600006104,1,True,,,0.7272727272727273,0.273972602739726
771,Whisper Tiny,Justice Oyoyibo come shift the case till Wednesday for hearing," Just use the wave ball, come shift the case, till Wednesday for hearing.",0.283063334,5.6960000992,0.0496951069,40.0,1,True,,,0.5,0.24193548387096775
308,Whisper Tiny,Good buy young generation wey from him go ya young generation," Good bye, friends. Good bye, friends. Good bye, friends. Good bye, friends. Good bye, friends. Good bye, friends. Good bye, friends. Good bye, friends. Good bye, friends. Good bye, friends. Good bye, friends. Good bye, friends. Good bye, friends. Good bye, friends. Good bye, friends. Good bye, friends. Good bye, friends. Good bye, friends. Good bye, friends. Good bye, friends. Good bye, friends. Good bye, friends. Good bye, friends. Good bye, friends. Good bye, friends. Good bye, friends. Good bye, friends. Good bye, friends. Good bye, friends. Good bye, friends. Good bye, friends. Good bye, friends. Good bye, friends. Good bye, friends. Good bye, friends. Good bye, friends. Good bye, friends. Good bye, friends. Good bye, friends. Good bye, friends. Good bye, friends. Good bye, friends. Good bye, friends. Good bye, friends. Good bye, friends. Good bye, friends. Good bye, friends. Good bye, friends. Good bye, friends. Good bye, friends. Good bye, friends. Good bye, friends. Good bye, friends. Good bye, friends. Good bye, friends. Good bye, friends. Good bye, friends. Good bye, friends. Good bye, friends. Good bye, friends. Good bye, friends. Good bye, friends. Good bye, friends. Good bye, friends. Good bye, friends. Good bye, friends. Good bye, friends. Good bye, friends. Good bye, friends. Good bye, friends. Good bye, friends. Good bye, friends. Good bye, friends. Good bye, friends. Good bye, friends. Good bye, friends. Good bye, friends. Good bye, friends. Good bye, friends. Good bye, friends. Good bye, friends. Good bye, friends. Good bye, friends. Good bye, friends. Good bye, friends. Good bye, friends. Good bye, friends. Good bye, friends. Good bye, friends",3.649297477,5.1160001755,0.713310663,27.2700004578,4,True,,,24.181818181818183,23.983606557377048
439,Whisper Tiny,Alright now time for us to take our old school muscle tetw," All right, so now time for us to take our old school music coming all the way from Tony Tetsuya.",0.34238021,6.3520002365,0.0539011646,8.3299999237,1,True,,,0.9166666666666666,0.6379310344827587
405,Whisper Tiny,Progest the interest of the Nan people E we don con see movemental do coola Qution movement for Neeriia say ok oh this one go E go acomodate all the interest of everybody wey dey inside ofa and they go try see how dem go take metamopause, Projects the interest of the Nigerian people. We don't consume movements. Do now.,0.7958352710000001,15.5839996338,0.051067459600000004,44.6800003052,8,True,,,0.8297872340425532,0.7468354430379747
1010,Whisper Tiny,So na why I just create and no fail and one old name name yea and is common with ibo people you understand na just," So now I just create them and you know, Felicia and I won't old name them. Yeah, and it's come out with your both people, you understand?",0.521358592,8.9759998322,0.058083623200000004,44.0,8,True,,,0.76,0.4473684210526316
520,Whisper Tiny,This issue of notice wey you dey talk na posting abi no be posting because some people no dey even understand how this okay The one wey e clear pass na that red mark hole dey put," This issue of notice, way they talk. Now posting, I've been no bit posting, because some people know they even understand how this whole thing.",0.5193012770000001,11.7760000229,0.0440982741,35.1399993896,9,True,,,0.6486486486486487,0.4157303370786517
553,Whisper Tiny,"We need internet, our office must dey resemble people wey dey do better work for inside the country and also, houses wey dey so. Una know say 14 Judges na him dey Supreme court, wey dey carry lament, put better lamentation for the ear of the former Chief Justice Sob..."," We need internet. Our office must be resembled people where they do, but that work for inside the country. And also houses where they sue. And I don't know if 14.99% of the Supreme Court, where the Kairin Lamenti put better lamentation for the year of the former Chief Justice Service.",0.878418825,14.1599998474,0.0620352284,44.9000015259,11,True,,,0.48,0.24521072796934865
1162,Whisper Tiny,Since na 50 people the governis ejaculation come come and talk say govern us Wetin dey happen for her state Shey e be play her root to encourage education for her state E come on Grus Grow say," Seena 50 people, because I'm a divinity of education, but I don't say confidence. What is in the album for the United States? Share it with me. Share it with me. Share it with me. Share it with me. Share it with me. Share it with me. Share it with me. Share it with me. Share it with me. Share it with me. Share it with me. Share it with me. Share it with me. Share it with me. Share it with me. Share it with me. Share it with me. Share it with me. Share it with me. Share it with me. Share it with me. Share it with me. Share it with me. Share it with me. Share it with me. Share it with me. Share it with me. Share it with me. Share it with me. Share it with me. Share it with me. Share it with me. Share it with me. Share it with me. Share it with me. Share it with me. Share it with me. Share it with me. Share it with me. Share it with me. Share it with me. Share it with me. Share it with me. Share it with me. Share it with me. Share it with me. Share it with me. Share it with me. Share it with me. Share it with me. Share it with me. Share it with me. Share it with me. Share it with me. Share it with me. Share it with me. Share it with me. Share it with me. Share it with me. Share it with me. Share it with me. Share it with me. Share it with me. Share it with me. Share it with me. Share it with me. Share it with me. Share it with me. Share it with me. Share it with me. Share it with me. Share it with me. Share it with me. Share it with me. Share it with me. Share it with me. Share it with me. Share it with me. Share it with me. Share it with me. Share it with me. Share it with me. Share it with",3.889625792,12.6560001373,0.30733452510000003,18.9200000763,4,True,,,9.289473684210526,7.3125
1186,Whisper Tiny,Um mainly in legus OK So we have we have Macol we have e have Tak bm," mainly in Lagos, okay? So we have, we have a micro-core, we have a pair, we have time quite big.",0.40122082600000003,7.3600001335,0.0545136982,23.5300006866,5,True,,,0.7058823529411765,0.5147058823529411
44,Whisper Tiny,So na Muna give una team name now feel free," 자, 자, 자, 자, 자, 자, 자, 자, 자, 자, 자, 자, 자, 자, 자, 자, 자, 자, 자, 자, 자, 자, 자, 자, 자, 자, 자, 자, 자, 자, 자, 자, 자, 자, 자, 자, 자, 자, 자, 자, 자, 자, 자, 자, 자, 자, 자, 자, 자, 자, 자, 자, 자, 자, 자, 자, 자, 자, 자, 자, 자, 자, 자, 자, 자, 자, 자, 자, 자, 자, 자, 자, 자, 자, 자, 자, 자, 자, 자, 자, 자, 자, 자, 자, 자, 자, 자, 자, 자, 자, 자, 자, 자, 자, 자, 자, 자, 자, 자, 자, 자, 자, 자, 자, 자, 자, 자, 자, 자, 자, 자, 자, 자, 자, 자, 자, 자, 자, 자, 자, 자, 자, 자, 자, 자, 자, 자, 자, 자, 자, 자, 자, 자, 자, 자, 자, 자, 자, 자, 자, 자, 자, 자, 자, 자, 자, 자, 자, 자, 자, 자, 자, 자, 자, 자, 자, 자, 자, 자, 자, 자, 자, 자, 자, 자, 자, 자, 자, 자, 자, 자, 자, 자, 자, 자, 자, 자, 자, 자, 자, 자, 자, 자, 자, 자, 자, 자, 자, 자 자, 자, 자 자, 자 자, 자 자, 자 자, 자 자, 자 자, 자 자, 자 자, 자 자 자 자 자 자 자 자 자 자 자 자 자 자 자 자 자 자 자 자 자 자 자 자 자 자 자 자 자 자 자 자 자 자 자 자 자 자 자",3.550273104,3.0239999294,1.1740321385,20.0,1,True,,,24.6,11.209302325581396
321,Whisper Tiny,When you getting married you dey marry the full family no be only just girl or no be only that guy na you dey marry," Whether you are getting married, you get married to full family, not be only just gay, or not be only that guy, now you get married.",0.40010349700000003,6.5440001488,0.0611405085,48.0,7,True,,,0.44,0.23478260869565218
1637,Whisper Tiny,Di be the congrate of the people this based on pop So if una if una popation big," kongresa, kongresa kongresa kongresa kongresa kongresa kongresa kongresa kongresa kongresa kongresa kongresa kongresa kongresa kongresa kongresa kongresa kongresa kongresa kongresa kongresa kongresa kongresa kongresa kongresa kongresa kongresa kongresa kongresa kongresa kongresa kongresa kongresa kongresa kongresa kongresa kongresa kongresa kongresa kongresa kongresa kongresa kongresa kongresa kongresa kongresa kongresa kongresa kongresa kongresa kongresa kongresa kongresa kongresa kongresa kongresa kongresa kongresa kongresa kongresa kongresa kongresa kongresa kongresa kongresa kongresa kongresa kongresa kongresa kongresa kongresa kongresa kongresa kongresa kongresa kongresa kongresa kongresa kongresa kongresa kongresa kongresa kongresa kongresa kongresa kongresa kongresa kongresa kongresa kongresa kongresa kongresa kongresa kongresa kongresa kongresa kongresa kongresa kongresa kongresa kongresa kongresa kongresa kongresa kongresa kongresa kongresa kongresa kongresa kongresa kongres",3.687753425,8.3360004425,0.4423888231,44.4399986267,3,True,,,6.166666666666667,11.8625
1253,Whisper Tiny,The other painkillers not just me not just painkillers the also other nephroxic drugs in which na good but dey have a side effect A natur cos loose to people out of ignance also," Now if you fire the person, when will you walk away? That's why. That's why. That's why you're the guy president. That's why we're the talk. That's it.",0.6544028860000001,9.1359996796,0.0716290399,35.2900009155,4,True,,,1.0294117647058822,0.7288135593220338
1712,Whisper Tiny,For back here people no change no too go belle I need check am now OK OK By dey check go But na fresh go check reach dem wan get car and," Não, não, não, não, não, não, não, não, não, não, não, não, não, não, não, não, não, não, não, não, não, não, não, não, não, não, não, não, não, não, não, não, não, não, não, não, não, não, não, não, não, não, não, não, não, não, não, não, não, não, não, não, não, não, não, não, não, não, não, não, não, não, não, não, não, não, não, não, não, não, não, não, não, não, não, não, não, não, não, não, não, não, não, não, não, não, não, não, não, não, não, não, não, não, não, não, não, não, não, não, não, não, não, não, não, não, não, não, não, não, não, não, não, não, não, não, não, não, não, não, não, não, não, não, não, não, não, não, não, não, não, não, não, não, não, não, não, não, não, não, não, não, não, não, não, não, não, não, não, não, não, não, não, não, não, não, não, não, não, não, não, não, não, não, não, não, não, não, não, não, não, não, não, não, não, não, não, não, não, não, não, não, não, não, não, não, não, não, não, não, não, não, não, não, não, não, não, não, não, não, não, não, não, não, não, não, não, não, não, não, não, não, não, não, não, não, não, não, não, não, não, não,",3.7880197300000003,14.0,0.27057283790000003,15.6199998856,6,True,,,6.9375,6.147058823529412
432,Whisper Tiny,Conadicitary post You know if am and imprab like her," Because I did triposts. You know, if I'm an employee I'm like ah.",0.330361989,4.5760002136,0.0721944872,10.0,2,True,,,1.1,0.5961538461538461
162,Whisper Tiny,But dem go package am pack pack am more bring am back because carbal dey there wey wan use am, O que você é? O que você é? O que você é? O que você é? O que você é? O que você é? O que você é? O que você é? O que você é? O que você é? O que você é? O que você é? O que você é? O que você é? O que você é? O que você é? O que você é? O que você é? O que você é? O que você é? O que você é? O que você é? O que você é? O que você é? O que você é? O que você é? O que você é? O que você é? O que você é? O que você é? O que você é? O que você é? O que você é? O que você é? O que você é? O que você é? O que você é?,1.6053346830000002,5.2960000038,0.3031221076,10.0,3,True,,,7.4,4.731182795698925
870,Whisper Tiny,E sometimes no be by gradral Some people don wear you without fight," Yeah, sometimes, let me buy a drug drug. Don't put me all the way to Utah's fights.",0.351769419,4.5720000267,0.0769399425,38.4599990845,5,True,,,1.3076923076923077,0.6119402985074627
895,Whisper Tiny,Donic you dey there Abeg if you get chance call us back make we talk this matter This matter na matter wey be say even 1 h no go do us to talk But I believe say we don do just for the matter We don exercise say na bad thing We don exercise say na serious problem,咱们的权威蜂蜂蜂蜂蜂蜂蜂蜂蜂蜂蜂蜂蜂蜂蜂蜂蜂蜂蜂蜂蜂蜂蜂蜂蜂蜂蜂蜂蜂蜂蜂蜂蜂蜂蜂蜂蜂蜂蜂蜂蜂蜂蜂蜂蜂蜂蜂蜂蜂蜂蜂蜂蜂蜂蜂蜂蜂蜂蜂蜂蜂蜂蜂蜂蜂蜂蜂蜂蜂蜂蜂蜂蜂蜂蜂蜂蜂蜂蜂蜂蜂蜂蜂蜂蜂蜂蜂蜂蜂蜂蜂蜂蜂蜂蜂蜂蜂蜂蜂蜂蜂蜂蜂蜂蜂蜂蜂蜂蜂蜂蜂蜂蜂蜂蜂蜂蜂蜂蜂蜂蜂蜂蜂蜂蜂蜂蜂蜂蜂蜂蜂蜂蜂蜂蜂蜂蜂蜂蜂蜂蜂蜂蜂蜂蜂�,3.528835649,15.468000412,0.22813780420000002,45.6100006104,17,True,,,1.0,1.0
297,Whisper Tiny,4's younger brother but for me I go like to have my own," for actually. And these, my mom's younger brother, but for me, I would like to have my own.",0.340117069,6.271999836,0.0542278504,23.0799999237,2,True,,,0.5,0.6
1501,Whisper Tiny,and then e tell me that e wan me to join Mines And how you react on OR join when I join Mines, And then you told me that you wanted me to join Mavians. And how did you react? Come on over there. We're not joining Mavians.,0.442853143,8.704000473,0.0508792646,34.7799987793,2,True,,,0.6086956521739131,0.4731182795698925
510,Whisper Tiny,August okay May June July August 4 Ok so no your body the morning note No Ord like say no bin good so far No see keeping you safe very," Oh, gosh. Okay. Oh, gosh. Oh, gosh. Oh, okay. So, no, you're about the moment. No. No. Oh, yeah. It's weird. Actually, no. It's been good so far. No, it's been good so far. No, it's been good so far. No, it's been good so far. No, it's been good so far. No, it's been good so far. No, it's been good so far. No, it's been good so far. No, it's been good so far. No, it's been good so far. No, it's been good so far. No, it's been good so far. No, it's been good so far. No, it's been good so far. No, it's been good so far. No, it's been good so far. No, it's been good so far. No, it's been good so far. No, it's been good so far. No, it's been good so far. No, it's been good so far. No, it's been good so far. No, it's been good so far. No, it's been good so far. No, it's been good so far. No, it's been good so far. No, it's been good so far. No, it's been good so far. No, it's been good so far. No, it's been good so far. No, it's been good so far. No, it's been good so far. No, it's been good so far. No, it's been good so far. No, it's been good so far. No, it's been good so far. No, it's been good so far. No, it's been good so far. No, it's been good so far. No, it's been good so far. No, it's been good so far. No, it's been good so far. No, it's been good so far. No, it's been good so far. No, it's been good",4.227969708,11.1999998093,0.3774973018,44.8300018311,6,True,,,10.9,8.276119402985074
392,Whisper Tiny,In few cases we dey do do an MRI of the breast We dey view too, The total of the asset side must equals to the total of the liability side.,0.279792782,7.3759999275,0.0379328613,37.5,4,True,,,0.9375,0.8709677419354839
1758,Whisper Tiny,I don dey spoil don dey spoil e don dey but tell am again one more time final time now," I don't destroy, don't destroy, don't destroy, don't destroy, don't destroy, don't destroy, don't destroy, don't destroy, don't destroy, don't destroy, don't destroy, don't destroy, don't destroy, don't destroy, don't destroy, don't destroy, don't destroy, don't destroy, don't destroy, don't destroy, don't destroy, don't destroy, don't destroy, don't destroy, don't destroy, don't destroy, don't destroy, don't destroy, don't destroy, don't destroy, don't destroy, don't destroy, don't destroy, don't destroy, don't destroy, don't destroy, don't destroy, don't destroy, don't destroy, don't destroy, don't destroy, don't destroy, don't destroy, don't destroy, don't destroy, don't destroy, don't destroy, don't destroy, don't destroy, don't destroy, don't destroy, don't destroy, don't destroy, don't destroy, don't destroy, don't destroy, don't destroy, don't destroy, don't destroy, don't destroy, don't destroy, don't destroy, don't destroy, don't destroy, don't destroy, don't destroy, don't destroy, don't destroy, don't destroy, don't destroy, don't destroy, don't destroy, don't destroy, don't destroy, don't destroy, don't destroy, don't destroy, don't destroy, don't destroy, don't destroy, don't destroy, don't destroy, don't destroy, don't destroy, don't destroy, don't destroy, don't destroy, don't destroy, don't destroy, don't destroy, don't destroy, don't destroy, don't destroy, don't destroy, don't destroy, don't destroy, don't destroy, don't destroy, don't destroy, don't destroy, don't destroy, don't destroy, don't destroy, don't destroy, don't destroy, don't destroy, don't destroy, don't destroy, don't destroy, don't destroy, don't destroy",3.52624203,11.0089998245,0.3203053943,40.0,3,True,,,16.5,17.38372093023256
658,Whisper Tiny,"People get issue with government dey go court dem no fight or dem no do violence, court con give the dem judgement, government go still talk say dem no do go anything, na wetin dey cause all dis bad bad things wey we dey see for country, e no suppose be so"," People get issue government reports and don't fight over, and don't do violence. Or what's wrong with their attorneys? Go back to the same thing, and don't do anything. Now, within the cross-order disability civil-contribute, I know the solution.",0.60753531,13.4239997864,0.0452573987,34.6199989319,23,True,,,0.8653846153846154,0.5833333333333334
309,Whisper Tiny,No be anybody as trauma when she win We get meeting her papa and mama her guardian dey sit down We say her beg go," Nobody anybody has trauma when she win. We get missing. Ha, papa, mama. Ha, papa, mama. Ha, mama. Ha, mama. Ha, mama. Ha, mama. Ha, mama. Ha, mama. Ha, mama. Ha, mama. Ha, mama. Ha, mama. Ha, mama. Ha, mama. Ha, mama. Ha, mama. Ha, mama. Ha, mama. Ha, mama. Ha, mama. Ha, mama. Ha, mama. Ha, mama. Ha, mama. Ha, mama. Ha, mama. Ha, mama. Ha, mama. Ha, mama. Ha, mama. Ha, mama. Ha, mama. Ha, mama. Ha, mama. Ha, mama. Ha, mama. Ha, mama. Ha, mama. Ha, mama. Ha, mama. Ha, mama. Ha, mama. Ha, mama. Ha, mama. Ha, mama. Ha, mama. Ha, mama. Ha, mama. Ha, mama. Ha, mama. Ha, mama. Ha, mama. Ha, mama. Ha, mama. Ha, mama. Ha, mama. Ha, mama. Ha, mama. Ha, mama. Ha, mama. Ha, mama. Ha, mama. Ha, mama. Ha, mama. Ha, mama. Ha, mama. Ha, mama. Ha, mama. Ha, mama. Ha, mama. Ha, mama. Ha, mama. Ha, mama. Ha, mama. Ha, mama. Ha, mama. Ha, mama. Ha, mama. Ha, mama. Ha, mama. Ha, mama. Ha, mama. Ha, mama. Ha, mama. Ha, mama. Ha, mama. Ha, mama. Ha, mama. Ha, mama. Ha, mama. Ha, mama. Ha, mama. Ha, mama. Ha, mama. Ha, mama. Ha, mama. Ha, mama. Ha, mama. Ha, mama. Ha, mama. Ha, mama. Ha, mama. Ha, mama. Ha, mama. Ha, mama. Ha, mama. Ha, mama.",3.5661234200000003,8.0640001297,0.4422275995,44.0,4,True,,,8.72,7.477876106194691
1425,Whisper Tiny,I waka go free up charge I no collect money for hand E just I no go CMS for this kind thing and night I dey go CMS And also I gats one small question if you answer the question well you go mean 1,アーカル越えるグープロッチャーじゃなくてこれもこれもこれも一緒にあるのですが、これもこれもこれも一緒にあるのですが、それも一緒にあるのですが、それも一緒にあるのですが、それも一緒にあるのですが、それも一緒にあるのですが、それも一緒にあるのですが、それも一緒にあるのですが、それも一緒にあるのですが、それも一緒にあるのですが、それも一緒にあるのですが、それも一緒にあるのですが、それも一緒にあるのですが、それも一締あるのですが、それも一締あるのですが、それも一締あるのですが、それも一締あるのですが、それも一締あるのですが、それも一締あるのですが、それも一締あるのですが、それも一締あるのですが、それも一締あるのですが、それも一締あるのですが、それも一締あるのですが、それも一締あるのですが、それも一締あるのですが、それも一締あるのですが、それも一締あるのですが、それも一締あるのですが、それも一締あるのですが、それも一締あるのですが、それも一締あるのですが、それも一締あるのですが、それも一締あるのですが、それも一締あるのですが、それも一締あるのですが、それも一締あるのですが、それも一締あるのですが、それも一締あるのですが、それも一締あるのですが、それも一締あるの,4.182206728,10.5279998779,0.39724608440000003,34.0900001526,6,True,,,1.0,2.7333333333333334
36,Whisper Tiny,Leadership by servitude you be leader but you be servant because na the people wey put you there na their interest na you dey work for," lidashi by servitude, you will be lidar, but you will be savant, because now the people will put you dead, now they are interested in you, they will work for.",0.462443231,6.9600000381000005,0.0664429926,11.5399999619,1,True,,,0.5769230769230769,0.34328358208955223
691,Whisper Tiny,But morning my body just give me 200 2003 till date I don think but you no those of us dey live in legs you have the benefit of experiencing,蜜蜜蜜蜜蜜蜜蜜蜜蜜蜜蜜蜜蜜蜜蜜蜜蜜蜜蜜蜜蜜蜜蜜蜜蜜蜜蜜蜜蜜蜜蜜蜜蜜蜜蜜蜜蜜蜜蜜蜜蜜蜜蜜蜜蜜蜜蜜蜜蜜蜜蜜蜜蜜蜜蜜蜜蜜蜜蜜蜜蜜蜜蜜蜜蜜蜜蜜蜜蜜蜜蜜蜜蜜�蜜蜜蜜蜜蜜蜜蜜蜜蜜蜜蜜蜜蜜蜜蜜蜜蜜蜜蜜蜜蜜蜜蜜蜜蜜蜜蜜蜜蜜蜜蜜蜜蜜蜜蜜蜜�蜜蜜蜜蜜蜜蜜蜜蜜蜜�蜜蜜蜜蜜蜜蜜蜜蜜蜜蜜蜜蜜蜜蜜蜜蜜蜜蜜蜜蜜蜜蜜蜜蜜蜜蜜蜜蜜,3.584300178,11.6160001755,0.308565782,21.4300003052,1,True,,,1.0,1.0642857142857143
1142,Whisper Tiny,Now there's a new thing now phone get some kind phone wey you fit just open YouTube for the children to just dey watch some some videos You feel say e dey right," Now there's a new thing now, phones, you get some kind of phone, where if you just open YouTube for the children to just watch some videos, if you say it they're right.",0.479552713,10.0959997177,0.0474992796,39.3899993896,8,True,,,0.38235294117647056,0.25
51,Whisper Tiny,O ya we hear you talk charies fit dey hear you We we dey year you ya tongue turn Good morning," 아, 야, 배고기 아유, 더욱. 잘했어, 야인. 우리 아유, 뭐야, 더욱, 더욱. 그만해, 그만해.",0.466465846,11.7550001144,0.0396823344,9.5200004578,1,True,,,1.0,0.8602150537634409
368,Whisper Tiny,Old workers nobody sey anything I think the time don come for us to begin to read strong questions We must begin to ask questions on this country Then the 3rd leg which is very important,蜜蜂蜂蜂蜂蜂蜂蜂蜂蜂蜂蜂蜂蜂蜂蜂蜂蜂蜂蜂蜂蜂蜂蜂蜂蜂蜂蜂蜂蜂蜂蜂蜂蜂蜂蜂蜂蜂蜂蜂蜂蜂蜂蜂蜂蜂蜂蜂蜂蜂蜂蜂蜂蜂蜂蜂蜂蜂蜂蜂蜂蜂蜂蜂蜂蜂蜂蜂蜂蜂蜂蜂蜂蜂蜂蜂蜂蜂蜂蜂蜂蜂蜂蜂蜂蜂蜂蜂蜂蜂蜂蜂蜂蜂蜂蜂蜂蜂蜂蜂蜂蜂蜂蜂蜂蜂蜂蜂蜂蜂蜂蜂蜂蜂蜂蜂蜂蜂蜂蜂蜂蜂蜂蜂蜂蜂蜂蜂蜂蜂蜂蜂蜂蜂蜂蜂蜂蜂蜂蜂蜂蜂蜂蜂蜂蜂蜂蜂,3.6253551980000003,11.9200000763,0.30414053480000003,19.4400005341,4,True,,,1.0,1.0
1503,Whisper Tiny,Na the okal predo na e go call because like no people talk the bug stop satis stable So e must work round the drug to use enckure say make nobody cause am embarrassment and make nobody spoil him name, Na nio ka presidou na i lego koi bikos na koi bau bau tok ni bok som sa tis te bau so i moz wok round the clock to use and chocolate me no bau de koi sa me baras met a me no bau de spoi ni ne,0.8222269940000001,10.9919996262,0.0748023128,37.5,5,True,,,1.05,0.507537688442211
196,Whisper Tiny,We no want continuity we wan astem wey at least The den att dey distracted by one cut case or the other So the dystractor una don distract am since December Since September of 2015 una now una come know say una no like distraction wetin dey tell una say," We don't want continuity. We want a system where, at least, the National Assembly would then distract that by one court case or the other. So it is such a whole bunch of times, it's December. It's September of 2015. No, no, no, no, no, no, no, no, no, no, no, no, no, no, no, no, no, no, no, no, no, no, no, no, no, no, no, no, no, no, no, no, no, no, no, no, no, no, no, no, no, no, no, no, no, no, no, no, no, no, no, no, no, no, no, no, no, no, no, no, no, no, no, no, no, no, no, no, no, no, no, no, no, no, no, no, no, no, no, no, no, no, no, no, no, no, no, no, no, no, no, no, no, no, no, no, no, no, no, no, no, no, no, no, no, no, no, no, no, no, no, no, no, no, no, no, no, no, no, no, no, no, no, no, no, no, no, no, no, no, no, no, no, no, no, no, no, no, no, no, no, no, no, no, no, no, no, no, no, no, no, no, no, no, no, no, no, no, no, no, no, no, no, no, no, no, no, no, no, no, no, no, no, no, no, no, no, no, no, no, no, no, no, no, no, no, no, no, no, no, no, no, no, no, no, no, no,",4.054869231,15.4239997864,0.26289349630000003,38.7799987793,12,True,,,4.42,2.5217391304347827
1511,Whisper Tiny,Na that fight dey make the marriage sweet because you know when you make up,再次再次再次再次再次再次再次再次再次再次再次再次再次再次再次再次再次再次再次再次再次再次再次再次再次再次再次再次再次再次再次再次再次再次再次再次再次再次再次再次再次再次再次再次再次再次再次再次再次再次再次再次再次再次再次再次再次再次再次再次再次再次再次再次再次再次再次再次再次再次再次再次再次再次再次再次再次再次再次再次再次再次再次再次再次再次再次再次再次再次再次再次再次再次再次再次再次再次再次再次再次再次再次再次再次再次再次再次再次再次再次再次再次再次再次再次再次再次再次再次再次再次再次再次再次再次再次再次再次再次再次再次再次再次再次再次再次再次再次再次再次再次再次再次再次再次再次再次再次再次再次再次再次再次再次再次再次再次再次再次再次再次再次再次再次再次再次再次再次再次再次再次再次再次再次再次再次再次再次再次再次再次再次再次再次再次再次再次再次再次再次再次再次再次再次再次再次再次再次再次再次再次再次再次再次再次再次再次再次再次再次再次再次再次再次再次再次再次再次再次再次再次,3.569233996,3.6640000343,0.9741359068000001,46.6699981689,1,True,,,1.0,5.92
1264,Whisper Tiny,To flex your ontopinoral muscle its the best kind of business for those who have the ontopal bone inside of dem but dem no want to go into taking on the massive risk of going into tradional," to flex your entrepreneurial model. It is the best kind of business for those who have the entrepreneurial bone inside of them, but they do not want to go into taking on the massive risk of going into traditional methods.",0.508455868,15.9359998703,0.0319061165,27.0300006866,2,True,,,0.2972972972972973,0.2275132275132275
84,Whisper Tiny,Ok na that I never do that kind thing before say," Ok, wenn du rein überaduler kennst, sind wir vor Sie.",0.298703525,2.9440000057,0.10146179500000001,9.0900001526,1,True,,,0.9090909090909091,0.6875
1061,Whisper Tiny,Actually falling after that has a lot of healing powers towards of disease Therw e people when during their when e come so people when their actually getting very old, In actually funny enough that that has a lot of feeling power towards a lot of diseases. There are people when during the morning comes to people in the morning actually getting very old.,0.47580475,10.3839998245,0.0458209513,33.3300018311,2,True,,,0.6333333333333333,0.30120481927710846
1767,Whisper Tiny,"But at the same time when there's darkness, you have to...., because body no be firewood now"," By the same time, Wendy is ducked messy out of it. Because, by the way, nobody know if I would know.",0.36552629999999997,4.4959998131,0.081300337,29.4099998474,2,True,,,1.0,0.5930232558139535
1079,Whisper Tiny,To get schools wey sabi teach children individual pick out their talents na money I get one, kawaii kawaii kawaii kawaii kawaii kawaii kawaii kawaii kawaii kawaii kawaii kawaii kawaii kawaii kawaii kawaii kawaii kawaii kawaii kawaii kawaii kawaii kawaii kawaii kawaii kawaii kawaii kawaii kawaii kawaii kawaii kawaii kawaii kawaii kawaii kawaii kawaii kawaii kawaii kawaii kawaii kawaii kawaii kawaii kawaii kawaii kawaii kawaii kawaii kawaii kawaii kawaii kawaii kawaii kawaii kawaii kawaii kawaii kawaii kawaii kawaii kawaii kawaii kawaii kawaii kawaii kawaii kawaii kawaii kawaii kawaii kawaii kawaii kawaii kawaii kawaii kawaii kawaii kawaii kawaii kawaii kawaii kawaii kawaii kawaii kawaii kawaii kawaii kawaii kawaii kawaii kawaii kawaii kawaii kawaii kawaii kawaii kawaii kawaii kawaii kawaii kawaii kawaii kawaii kawaii kawaii kawaii kawaii kawaii kawaii kawaii,3.863572563,5.9200000763,0.6526304921,29.4099998474,8,True,,,6.529411764705882,8.186813186813186
1094,Whisper Tiny,WHOUST adjust our style then the weight virus as naturally adjust our lifestyle for life Life no go go back to the old normal the again new normal now That why your right flare Make we relate to adult, Bagaimana saya menjauhkan? Bagaimana saya menjauhkan? Bagaimana saya menjauhkan? Bagaimana saya menjauhkan? Bagaimana saya menjauhkan? Bagaimana saya menjauhkan? Bagaimana saya menjauhkan? Bagaimana saya menjauhkan? Bagaimana saya menjauhkan? Bagaimana saya menjauhkan? Bagaimana saya menjauhkan? Bagaimana saya menjauhkan? Bagaimana saya menjauhkan? Bagaimana saya menjauhkan? Bagaimana saya menjauhkan? Bagaimana saya menjauhkan? Bagaimana saya menjauhkan? Bagaimana saya menjauhkan? Bagaimana saya menjauhkan? Bagaimana saya menjauhkan? Bagaimana saya menjauhkan? Bagaimana saya menjauhkan? Bagaimana saya menjauhkan? Bagaimana saya menjauhkan? Bagaimana saya menjauhkan? Bagaimana saya menjauhkan? Bagaimana saya menjauhkan? Bagaimana saya menjauhkan? Bagaimana saya menjauhkan? Bagaimana saya menjauhkan? Bagaimana saya menjauhkan? Bagaimana saya menjauhkan? Bagaimana saya menjauhkan? Bagaimana saya menjauhkan? Bagaimana saya menjauhkan? Bagaimana saya menjauhkan? Bagaimana saya menjauhkan? Bagaimana saya menjauhkan? Bagaimana saya menjauhkan? Bagaimana saya menjauhkan? Bagaimana saya menjauhkan? Bagaimana saya menjauhkan? Bagaimana saya menjauhkan? Bagaimana saya menjauhkan? Bagaimana saya,3.8829590940000003,13.984000206,0.2776715558,30.7700004578,11,True,,,3.4358974358974357,5.185
1426,Whisper Tiny,Um something else wey happen is in electrolyte abnormal abnormality which just means things like your passium level sodium levels," Something else that can happen is an electrolyte abnormality, abnormality, which just means certain things like your potassium levels, sodium levels.",0.369585999,9.0559997559,0.0408111759,10.0,2,True,,,0.4,0.20155038759689922
104,Whisper Tiny,At the point time e start going down you no pop dey involve," the morning time started going down, you know, parked, you know, so gotta evolve.",0.35271324,4.4800000191,0.0787306336,46.1500015259,3,True,,,0.8461538461538461,0.576271186440678
130,Whisper Tiny,To sit and discipline themselves E like you go to the university and you advise chance Sor lecurs," To sit and discipline themselves. It's like you go to the university and you have vice-tons. Sorry, lecture us.",0.36918404800000004,8.0,0.046148006000000005,27.7800006866,1,True,,,0.4444444444444444,0.20618556701030927
1112,Whisper Tiny,Any of these numbers just call am between 4 and 5, Any of these numbers are Scotland between four and five.,0.246895998,3.7760000229,0.0653855923,22.2199993134,2,True,,,0.45454545454545453,0.3673469387755102
1318,Whisper Tiny,Alright guys no go anywhere The show continues after this break go be right back na still the ogun," All right guys, no one knew we had the show continues after this break, we'll be right back, not still the open guy!",0.40377589500000005,6.3200001717,0.0638885892,36.8400001526,3,True,,,0.5789473684210527,0.25510204081632654
1571,Whisper Tiny,Na wetin IMF don look come talk say K leg enter inside this arrangement If we dey give tax holiday make we know say na genu people wey wan invest in business After all if we set up business for this country no be narrhea we go emlo no go enlo for Gana," Now, what's your item? Don't look on top, say. Care leg, anti-psychis, arrangements. If you're there, give time, solidity. Make way, no scenario. No, people win one invest in business. After all, if we set up a business, we're just country. No, we might just win a play. We're going to play new from Galan.",0.8392472110000001,12.3360004425,0.068032359,24.5300006866,12,True,,,0.7924528301886793,0.4701195219123506
1626,Whisper Tiny,Because dem give me two hey Kie miski body stop playing and great dr Akapella I use sere as why I side as say you all sit down lose dis guy talk me off King write the on stage I dey side am and Ikopella and to sound, Because they give me too high key. I'll speech it with the key. Mr. Keyboard is stop playing. I'm good to drink alcohol. Are you serious? That's what I said. I said you all seem done. Let's say this guy took me off. He was playing through. I write them on stage. And let's start that. And I did the alcohol. And I did the song.,0.828574676,16.2240009308,0.051070921400000004,12.5,2,True,,,1.1458333333333333,0.7302325581395349
121,Whisper Tiny,From that place wey dem dey from people wey come out to say I wan to repret my people from this political party dem go choose the best person wey go go for general election for the full people to vot na that one dey call indirect primary But some people don dey complain say inrect primary," From that place on the day, from people with coma to say, I want to represent my people low from this political party that go choose the best vaccine when go go for general election, for the food people to vote. I don't want to record indirect primary, but so people don't let them complaisers in dialect primary.",0.72246789,15.7440004349,0.0458884572,40.3499984741,11,True,,,0.47368421052631576,0.2629757785467128
1198,Whisper Tiny,The US Dey display different different planant for the visit wey they do Na general begin yam Expot to UK and US come June 29 a good one If you start to get impot," The youths, they display different different placards for the visits where they do it. Nigeria, because yam exports to UK and US come June 29th. If it's not to get imports.",0.476770138,14.1759996414,0.0336322058,39.3899993896,7,True,,,0.5,0.29012345679012347
865,Whisper Tiny,Anybody wey dem find say e stay this morning make dem prostate am," Anybody with them, I say, is this money? My name is Prosteta.",0.31832617900000004,4.0929999352,0.0777733164,30.7700004578,5,True,,,0.7692307692307693,0.4307692307692308
804,Whisper Tiny,And this thing I wan take E the last time I do this this the insult I get Now this time I no go get am But e dey not wey we think say," And this scene, I won't take it the last time I did it, this is the insult I get. Now this time I know we'll get them. But in the not, well we didn't say",0.517118988,9.6479997635,0.0535985697,20.5900001526,8,True,,,0.47058823529411764,0.2857142857142857
1297,Whisper Tiny,OK So now that e no well we move yond What your defination of him healthy relationship," Okay, so now that we move on, what's your definition of LD relationship?",0.28844921100000004,8.0089998245,0.0360156346,23.5300006866,4,True,,,0.5294117647058824,0.313953488372093
355,Whisper Tiny,Ok Oga 1st us you dey there I just wan check whether you dey hear us loud and clear, To enjoy more of this album get videos when you just watch. Press this button to subscribe on top of our YouTube page. You go love her.,0.422850755,12.6420001984,0.0334480896,15.7899999619,1,True,,,1.368421052631579,1.072289156626506
719,Whisper Tiny,Alright and we look forward to many more stories than you be Sharing we keep ourt and appressed with you and the rest of the team as you keep uncovering a lot of the heels that going on in society your new show African eye," All right, and we look forward to many more stories that you'll be sharing. We will keep our thoughts and our prayers with you and the rest of the team as you keep on covering a lot of the yields that are going on in our society via your new show African Eye.",0.617122801,12.4160003662,0.0497038324,4.4400000572,2,True,,,0.3333333333333333,0.20270270270270271
99,Whisper Tiny,We register in na jose for the whole of Afric We register in najor but this plastumo Sori plastum job," We're registered in Nigeria for the whole African. We're registered in Nigeria, but this is platham.com. Platham.com, sorry. Platham.com is full.",0.49401373200000004,9.6479997635,0.0512037463,30.0,6,True,,,0.95,0.6039603960396039
1726,Whisper Tiny,To enjoy more of dis ourbun videos when you just watch press this button to sub on top of her Uage you go love am, So enjoy more of this album care videos when you just watch. Press this button to subscribe on top of our YouTube page. You will love him.,0.521104282,8.8470001221,0.058901805700000004,48.0,3,True,,,0.4,0.3008849557522124
1330,Whisper Tiny,Right back Una bad girl Dis na warm people na OK that one easy one yella OK drink B," You're right back. Yeah, of course. Yeah, that's good. This now was up people now. Okay, that was a little bit easy. One of our guys who will kill you. Yeah, yeah. Okay, drink, beat it up to you.",0.752965879,9.6599998474,0.0779467796,47.3699989319,4,True,,,1.7894736842105263,1.3493975903614457
282,Whisper Tiny,"as the story dey unfold. Moving on from there, we get this other story wey concern the Nigerian police because right now some people dey clamour say we need state policing some other people dey say"," as the story they unfold. Moving on from there, we get this other story, we're consigned on the Nigerian police, because right now some people they clam on, so we need to stay police, what are people they say?",0.736139675,13.0880002975,0.0562453895,25.0,7,True,,,0.4166666666666667,0.18974358974358974
693,Whisper Tiny,No wey dem go give your diet diet diet things,まだこれ言うだいえだいえだいえです,0.41203556900000005,3.6319999695,0.11344591750000001,40.0,1,True,,,1.0,1.0
145,Whisper Tiny,This time no be him turn, ¡Distar! ¡No beito!,0.33211201100000004,2.0320000648,0.1634409451,33.3300018311,1,True,,,1.0,0.5833333333333334
1214,Whisper Tiny,So long as your papa na idia your mama na ida where e naeria exact All dis talk about say Ea brother na, So long guys you are papa na na na na na na na na na na na na na na na na na na na na na na na na na na na na na na na na na na na na na na na na na na na na na na na na na na na na na na na na na na na na na na na na na na na na na na na na na na na na na na na na na na na na na na na na na na na na na na na na na na na na na na na na na na na na na na na na na na na na na na na na na na na na na na na na na na na na na na na na na na na na na na na na na na na na na na na na na na na na na na na na na na na na na na na na na na na na na na na na na na na na na na na na na na na na na na na na na na na na na na na na na na na na na na na na na na na na na na na na na na na na na na na na na na na na na na na na na na na na na na na na na na na na na na na na na na na na na na na na na na na na na na na na na na na na na na na na na na na na na na na na na na na na na na na na na na na na na na na na na na na na na na na na na na na na na na na na na na na na na na na na na na na na na na na na na na na na na na na na na na na na na na na na na na na na na na na na na na na na na na na na na na na na na na na na na na na na na na na na na na na na na na na na na na na na na na na na na na na na na na na na na na na na na na na na na na na na na na na na na na na na na na na na na na na na na na na na na na na na na na,3.513352646,6.0799999237,0.5778540609,21.7399997711,5,True,,,19.043478260869566,12.45631067961165
4,Whisper Tiny,"Must perform must get command performance, okay. So na that one be comedy show"," Most perform, most get command performance. Sooneraw will become a dishu.",0.28402028700000004,5.5359997749000005,0.0513042447,35.7099990845,2,True,,,0.7142857142857143,0.3157894736842105
750,Whisper Tiny,"To make sure say this badness no happen for our roads, make dem start to dey take am immediately. E say safety precautions and routine maintenance are taken for granded by vehicle owners. E say right now"," To make sure that this badness no happen for our rules, may they start to detect them immediately. It says safety precautions and routine maintenance are taking for granted by vehicle owners. It says right now.",0.48588641200000005,13.0559997559,0.0372155653,40.5400009155,5,True,,,0.35135135135135137,0.14
906,Whisper Tiny,"You know sometimes people in power, directors, producers, writers dey sleep with"," You know, sometimes people in power directives producers as writers, they sleep with",0.287054548,5.3600001335,0.0535549517,8.3299999237,2,True,,,0.25,0.1038961038961039
1118,Whisper Tiny,He was very funny He say something like hello is 911 my girlfriend has refuse to give me some use the A word to give me a piece of a piece of, He said something like hello is that one one my girlfriend has used to give me some use the a word to give me a piece of a piece of,0.400948844,7.5679998398,0.0529794995,6.4499998093,2,True,,,0.28125,0.2553191489361702
992,Whisper Tiny,How many school baed about even the arrest na now we see," I'm a new school, and now we will be able to support that about even the arrest now. Now we, we see, see.",0.40210784800000005,6.4159998894,0.0626726707,50.0,3,True,,,1.3333333333333333,0.9285714285714286
1087,Whisper Base,Inside studio channel Sorry we don una no too get time at least we hope for like 5 min No vex other Your name wetin be your real name, Na su. Na su. Na su. Na su. Na su. Na su. Na su. Na su. Na su. Na su. Na su. Na su. Na su. Na su. Na su. Na su. Na su. Na su. Na su. Na su. Na su. Na su. Na su. Na su. Na su. Na su. Na su. Na su. Na su. Na su. Na su. Na su. Na su. Na su. Na su. Na su. Na su. Na su. Na su. Na su. Na su. Na su. Na su. Na su. Na su. Na su. Na su. Na su. Na su. Na su. Na su. Na su. Na su. Na su. Na su. Na su. Na su. Na su. Na su. Na su. Na su. Na su. Na su. Na su. Na su. Na su. Na su. Na su. Na su. Na su. Na su. Na su. Na su. Na su. Na su. Na su. Na su. Na su. Na su. Na su. Na su. Na su. Na su. Na su. Na su. Na su. Na su. Na su. Na su. Na su. Na su. Na su. Na su. Na su. Na su. Na su. Na su. Na su. Na su. Na su. Na su. Na su. Na su. Na su. Na su. Na su. Na su. Na su. Na su. Na su. Na su. Na su. Na su. Na su. Na su. Na su. Na su. Na su. Na su. Na su. Na su. Na su. Na su. Na su. Na su. Na su. Na su. Na su. Na su. Na su. Na su. Na su. Na su. Na su. Na su. Na su. Na su. Na su. Na su. Na su. Na su. Na su. Na su. Na su. Na su. Na su. Na su. Na su.,4.79320413,7.9200000763,0.6052025358,39.2900009155,6,True,,,10.206896551724139,6.2631578947368425
1129,Whisper Base,And puting up post on our recent gathers or things about come up so people go usually easily join in, and putting up posts on our recent gatherings or things that are about to come up so people can easily join in.,0.402420339,6.2399997711,0.0644904413,15.0,2,True,,,0.4,0.26
1149,Whisper Base,You then if you go there you no see medicine, and that if you go there you will not see much.,0.31543206500000004,2.9279999733,0.10772953140000001,40.0,1,True,,,0.5,0.38636363636363635
731,Whisper Base,E must too old before you go marry," Yeah, you must do whatever you want, Mary.",0.29258301200000003,2.4639999866,0.1187431062,50.0,2,True,,,0.875,0.6470588235294118
407,Whisper Base,Ince how much you look for this election," I may come what you need for this lecture. We give you, you want security? We give you, you want this?",0.41919906300000004,5.4559998512,0.07683267490000001,50.0,3,True,,,2.25,1.775
1640,Whisper Base,How the school how you wan take that teacher Wetin be the settum exactly No be they about the structure Na about the content structure go just dey for long But that content of that structure na im make we dey look We get chim chim good morning all the way from woman, How did school go? What did the set up has done? It's not about the structure. Not about the content. It's about the content. It's about the content. It's about the content. It's about the content. It's about the content. It's about the content. It's about the content. It's about the content. It's about the content. It's about the content. It's about the content. It's about the content. It's about the content. It's about the content. It's about the content. It's about the content. It's about the content. It's about the content. It's about the content. It's about the content. It's about the content. It's about the content. It's about the content. It's about the content. It's about the content. It's about the content. It's about the content. It's about the content. It's about the content. It's about the content. It's about the content. It's about the content. It's about the content. It's about the content. It's about the content. It's about the content. It's about the content. It's about the content. It's about the content. It's about the content. It's about the content. It's about the content. It's about the content. It's about the content. It's about the content. It's about the content. It's about the content. It's about the content. It's about the content. It's about the content. It's about the content. It's about the content. It's about the content. It's about the content. It's about the content. It's about the content. It's about the content. It's about the content. It's about the content. It's about the content. It's about the content. It's about the content. It's about the content. It's about the content. It's about the content. It's about the content. It's about the content. It's about the content. It's about the content. It's about the content,5.28889692,14.5080003738,0.3645503711,43.4000015259,11,True,,,6.811320754716981,5.616541353383458
11,Whisper Base,"The world, na just the level with which e dey happen na e dey differ For some places, it is ranked so high and for some places it's ranked so low", ni'n gwa'n gwa'n gwa'n gwa'n gwa'n gwa'n gwa'n gwa'n gwa'n gwa'n gwa'n gwa'n gwa'n gwa'n gwa'n gwa'n gwa'n gwa'n gwa'n gwa'n gwa'n gwa'n gwa'n gwa'n gwa'n gwa'n gwa'n gwa'n gwa'n gwa'n gwa'n gwa'n gwa'n gwa'n gwa'n gwa'n gwa'n gwa'n gwa'n gwa'n gwa'n gwa'n gwa'n gwa'n gwa'n gwa'n gwa'n gwa'n gwa'n gwa'n gwa'n gwa'n gwa'n gwa'n gwa'n gwa'n gwa'n gwa'n gwa'n gwa'n gwa'n gwa'n gwa'n gwa'n gwa'n gwa'n gwa'n gwa'n gwa'n gwa'n gwa'n gwa'n gwa'n gwa'n gwa'n gwa'n gwa'n gwa'n gwa'n gwa'n gwa'n gwa'n gwa'n gwa'n gwa'n gwa'n gwa'n gwa'n gwa'n gwa'n gwa'n gwa'n gwa'n gwa'n gwa'n gwa'n gwa'n gwa'n gwa'n gwa'n gwa'n gwa'n gwa'n gwa'n gwa'n gwa'n gwa'n gwa'n gwa'n gwa'n g,4.639806578,8.8159999847,0.5262938505,41.9399986267,2,True,,,6.96875,4.3076923076923075
1439,Whisper Base,One party na im dysing angeria or, Won't party name destroy Nigeria!,0.252719443,3.0239999294,0.0835712463,28.5699996948,1,True,,,1.0,0.48484848484848486
1654,Whisper Base,Yeah so dem possibility say along the line, So there is a possibility to say along the line.,0.302804958,3.3280000687,0.0909870648,37.5,4,True,,,0.625,0.3333333333333333
665,Whisper Base,Conclusion logical make we see the final wheeastle of this matter No be rgical conclusion wey say the end go hang somewhere," Konkluson logika, meko sede, fina, we slow this batah. No me logika konkluson, me say the end go handsome way.",0.5837515050000001,7.0399999619,0.0829192483,40.9099998474,8,True,,,0.7272727272727273,0.34959349593495936
754,Whisper Base,How true is the issue of the polish and the issue of the polish with the cortion there I dey show also investigate how I dey doing while I dey posting people to VI or making morning to their pocket, i ni ni ni ni ni ni ni ni ni ni ni ni ni ni ni ni ni ni ni ni ni ni ni ni ni ni ni ni ni ni ni ni ni ni ni ni ni ni ni ni ni ni ni ni ni ni ni ni ni ni ni ni ni ni ni ni ni ni ni ni ni ni ni ni ni ni ni ni ni ni ni ni ni ni ni ni ni ni ni ni ni ni ni ni ni ni ni ni ni ni ni ni ni ni ni ni ni ni ni ni ni ni ni ni ni ni ni ni ni ni ni ni ni ni ni ni ni ni ni ni ni ni ni ni ni ni ni ni ni ni ni ni ni ni ni ni ni ni ni ni ni ni ni ni ni ni ni ni ni ni ni ni ni ni ni ni ni ni ni ni ni ni ni ni ni ni ni ni ni ni ni ni ni ni ni ni ni ni ni ni ni ni ni ni ni ni ni ni ni ni ni ni ni ni ni ni ni ni ni ni ni ni ni ni ni ni ni ni ni ni ni ni ni ni ni ni ni ni ni ni ni ni ni ni ni ni ni ni ni ni ni ni ni ni ni ni ni ni ni ni ni ni ni ni ni ni ni ni ni ni ni ni ni ni ni ni ni ni ni ni ni ni ni ni ni ni ni ni ni ni ni ni ni ni ni ni ni ni ni ni ni ni ni ni ni ni ni ni ni ni ni ni ni ni ni ni ni ni ni ni ni ni ni ni ni ni ni ni ni ni ni ni ni ni ni ni ni ni ni ni ni ni ni ni ni ni ni ni ni ni ni ni ni ni ni ni ni ni ni ni ni ni ni ni ni ni ni ni ni ni ni ni ni ni ni ni ni ni ni ni ni ni ni ni ni ni ni ni ni ni ni ni ni ni ni ni ni ni ni ni ni ni ni ni ni ni ni ni ni ni ni ni ni ni ni ni ni ni ni ni ni ni ni ni ni ni ni ni ni ni ni ni ni ni ni ni ni ni ni ni ni ni ni ni ni ni ni ni ni ni ni ni ni ni ni ni ni ni ni ni ni ni ni,5.250158521,12.0799999237,0.43461577440000004,47.5,3,True,,,11.1,6.416243654822335
222,Whisper Base,The water dey come from too Where the sore dey come from, wata de konfro. Where they saw the konfro?,0.313821724,3.0399999619,0.1032308316,41.6699981689,3,True,,,0.9166666666666666,0.5
1255,Whisper Base,unless make work more people go join this very nice and I know say you na person wey dey bring creativity enter inside im some of your um jokes Tell us about these events wey you get on ground now," funded institutions like the state and the federal institutions. And how many people can afford to send their children to private universities? Let's give them an instance. Let's give them an instance. But venture, they say secret plan.",0.6306858350000001,13.984000206,0.045100531000000006,42.5,7,True,,,1.0,0.8418367346938775
996,Whisper Base,Wey fire dey burn for your body mass And na you Dey do the magic on top their body to make dem feel say e dey actually actually burn Just one question question for my mouth," Tehri, tehri. Tehri. Tehri. Tehri. Tehri. Tehri. Tehri. Tehri. Tehri. Tehri. Tehri. Tehri. Tehri. Tehri. Tehri. Tehri. Tehri. Tehri. Tehri. Tehri. Tehri. Tehri. Tehri. Tehri. Tehri. Tehri. Tehri. Tehri. Tehri. Tehri. Tehri. Tehri. Tehri. Tehri. Tehri. Tehri. Tehri. Tehri. Tehri. Tehri. Tehri. Tehri. Tehri. Tehri. Tehri. Tehri. Tehri. Tehri. Tehri. Tehri. Tehri. Tehri. Tehri. Tehri. Tehri. Tehri. Tehri. Tehri. Tehri. Tehri. Tehri. Tehri. Tehri. Tehri. Tehri. Tehri. Tehri. Tehri. Tehri. Tehri. Tehri. Tehri. Tehri. Tehri. Tehri. Tehri. Tehri. Tehri. Tehri. Tehri. Tehri. Tehri. Tehri. Tehri. Tehri. Tehri. Tehri. Tehri. Tehri. Tehri. Tehri. Tehri. Tehri. Tehri. Tehri. Tehri. Tehri. Tehri. Tehri. Tehri. Tehri. Tehri. Tehri. Tehri. Tehri. Tehri. Tehri. Tehri. Tehri. Tehri.",4.719226225,10.0959997177,0.4674352572,41.6699981689,9,True,,,3.0833333333333335,3.4302325581395348
451,Whisper Base,"Ok Em this is the third edition,musin center,we still have not changed venue but we changed space from shell hall"," OK, this is detail edition. In Mosun Center, I will still have no change in the venue of a change space, you know, from Shell Hall.",0.50212844,7.1840000153,0.069895384,9.0900001526,2,True,,,0.7272727272727273,0.37168141592920356
1399,Whisper Base,because of the way wey be say, …and because of the way we say it.,0.25535678700000003,2.0639998913,0.1237193801,42.8600006104,1,True,,,0.5714285714285714,0.41379310344827586
508,Whisper Base,Potor go dey price him market. But now ehh Mavis, Mawis.,0.205052208,5.4400000572,0.0376934202,20.0,2,True,,,1.0,0.8936170212765957
1380,Whisper Base,You get dem to be moody sometimes.Sometimes dey cooperate with you dey take their medicines sometimes the don't, You get them to be moody sometimes. Sometimes they cooperate with you to take their medicines. Sometimes they don't.,0.43148351700000004,6.1599998474,0.0700460272,16.6700000763,6,True,,,0.2,0.07207207207207207
982,Whisper Base,from guys just to collect more money to survive All of these things na wetin we suppose put together," From guys just to collect some money to survive. All of these things, now it's impossible to put together.",0.39466596400000004,5.1840000153,0.0761315515,31.5799999237,1,True,,,0.3157894736842105,0.19
1548,Whisper Base,All those things Dey cause problem for suicide Dey cause by suciety but we do hope say this gbry elects go Dey catchly the place like cano Because if truly true at the end no allow the PDP to condom elect for cano Her people don Dey show signs of fears say them no sure wetin happen, Yw'n gweithu yw'n gweithu yw'n gweithu yw'n gweithu yw'n gweithu yw'n gweithu yw'n gweithu yw'n gweithu yw'n gweithu yw'n gweithu yw'n gweithu yw'n gweithu yw'n gweithu yw'n gweithu yw'n gweithu yw'n gweithu yw'n gweithu yw'n gweithu yw'n gweithu yw'n gweithu yw'n gweithu yw'n gweithu yw'n gweithu yw'n gweithu yw'n gweithu yw'n gweithu yw'n gweithu yw'n gweithu yw'n gweithu yw'n gweithu yw'n gweithu yw'n gweithu yw'n gweithu yw'n gweithu yw'n gweithu yw'n gweithu yw'n gweithu yw'n gweithu yw'n gweithu yw'n gweithu yw'n gweithu yw'n gweithu yw'n gweithu yw'n gweithu yw'n gweithu yw'n gweithu yw'n gweithu yw'n gweithu yw'n gweithu yw'n gweithu yw'n gweithu yw'n gweithu yw'n gweithu yw'n gweithu yw'n gweithu yw'n,5.392846291,15.1040000916,0.3570475542,43.8600006104,13,True,,,2.9298245614035086,2.0567375886524824
760,Whisper Base,No around here dem callfication but butationly cleaning up the environment replacing waist and standing water with grass and frees And if you go to the Wester world you find that the environment is is clean," Around here they are called beautification, but beautification is simply cleaning up the environment, replacing waste and standing water with grass and trees. And if you go to the western world, you find that the environment is clean.",0.669202902,14.4639997482,0.0462667944,11.1099996567,2,True,,,0.3333333333333333,0.1941747572815534
1456,Whisper Base,true So if loing play a partan existence that word lock no even exist in force So how think that time and chance happen to them or lock also happen to dem or sometimes," So if the world, if love didn't play a part in human existence, that would lock with no existing forcefulness. So I think that time and chance happens to them, or love also happens to them, or sometimes say,",0.64906138,13.6000003815,0.0477251001,29.4099998474,4,True,,,0.6470588235294118,0.33532934131736525
177,Whisper Base,I just put heart and vide just post am just for fun you no get plan say na because make I already," I just put it at the end of the video, just post them just for fun. You know, you're not there plus, eh? Nah, nah, nah, because we're already...",0.5754602080000001,7.1199998856,0.0808230642,45.4500007629,1,True,,,0.9090909090909091,0.5257731958762887
1578,Whisper Base,True but get some kind baby you go tell all that dem go accept am That why you have to keep try One day go fall for you true true that wey I believe in the trut person wey don tell me no worry," True that. But again, again, it's okay. Deepen, go tell that. That's why you have to keep trying. One day before for you. It's actually true. It's true. I know. That's why I believe in the truth, come on. Tell me, no worries.",0.894793167,13.1359996796,0.0681176301,27.2700004578,5,True,,,0.6818181818181818,0.4947916666666667
892,Whisper Base,Why e come want make I first lie, What you gonna want me to get fit like?,0.280449418,2.2239999771,0.1261013583,25.0,1,True,,,1.0,0.59375
859,Whisper Base,Na im di politician and big man sef dey go So make we dey think this matter them Wisdom Dey call us from Leg Wisdom welcome to acid Wisdom good evening, Na'i ni ni ni ni ni ni ni ni ni ni ni ni ni ni ni ni ni ni ni ni ni ni ni ni ni ni ni ni ni ni ni ni ni ni ni ni ni ni ni ni ni ni ni ni ni ni ni ni ni ni ni ni ni ni ni ni ni ni ni ni ni ni ni ni ni ni ni ni ni ni ni ni ni ni ni ni ni ni ni ni ni ni ni ni ni ni ni ni ni ni ni ni ni ni ni ni ni ni ni ni ni ni ni ni ni ni ni ni ni ni ni ni ni ni ni ni ni ni ni ni ni ni ni ni ni ni ni ni ni ni ni ni ni ni ni ni ni ni ni ni ni ni ni ni ni ni ni ni ni ni ni ni ni ni ni ni ni ni ni ni ni ni ni ni ni ni ni ni ni ni ni ni ni ni ni ni ni ni ni ni ni ni ni ni ni ni ni ni ni ni ni ni ni ni ni ni ni ni ni ni ni ni ni ni ni ni ni ni ni ni ni ni ni ni ni ni ni ni ni ni ni ni ni ni ni ni ni ni ni ni ni ni ni ni ni ni ni ni ni ni ni ni ni ni ni ni ni ni ni ni ni ni ni ni ni ni ni ni ni ni ni ni ni ni ni ni ni ni ni ni ni ni ni ni ni ni ni ni ni ni ni ni ni ni ni ni ni ni ni ni ni ni ni ni ni ni ni ni ni ni ni ni ni ni ni ni ni ni ni ni ni ni ni ni ni ni ni ni ni ni ni ni ni ni ni ni ni ni ni ni ni ni ni ni ni ni ni ni ni ni ni ni ni ni ni ni ni ni ni ni ni ni ni ni ni ni ni ni ni ni ni ni ni ni ni ni ni ni ni ni ni ni ni ni ni ni ni ni ni ni ni ni ni ni ni ni ni ni ni ni ni ni ni ni ni ni ni ni ni ni ni ni ni ni ni ni ni ni ni ni ni ni ni ni ni ni ni ni ni ni ni ni ni ni ni ni ni ni ni ni ni ni ni ni ni ni ni ni ni ni ni,4.773275013,13.5520000458,0.3522192294,12.8999996185,3,True,,,14.258064516129032,8.450331125827814
1416,Whisper Base,Wetin you want then you wan answer how you take see yourself because we no fit rise above the perception wey we get of our self," What do you want? Then you want to answer how you take C your safe, because we not theorize above the perception we get of our safe.",0.52536623,10.1120004654,0.0519547276,23.0799999237,3,True,,,0.46153846153846156,0.2283464566929134
1630,Whisper Base,But e work for government e bring idea enter inside government Now if all of us say na asure wey bump to all of us," But he worked for government, he bring the idea anti-Sy government. Now if all of us see Nigeria as cultural and belong to all of us,",0.513957442,7.1040000916,0.072347612,12.0,6,True,,,0.48,0.3333333333333333
1026,Whisper Base,He get certain votes for him kit already in the North The say very white man I dey tell una say," He gets that you vote for him, he te already knew not to. Disability wise, tell a wise man, and tell him nothing.",0.606746558,8.6239995956,0.0703555875,38.0999984741,6,True,,,0.8571428571428571,0.5789473684210527
1366,Whisper Base,very children E have that heart thatin Legos um leak and then as a new place as fentastic itampolin center," It's very children. We have that in Lagos. We have that in Lagos, Lake Elysia Lake. And then there's a new place that's fantastic. It's a trampoline center.",0.789666379,9.295999527,0.084946904,15.0,4,True,,,1.1,0.5
1339,Whisper Base,"The full world dey celebrate world press freedom day, that one means say me and Nkubi now and our colleagues them wey be say we dey do this work we go get the freedom"," The full world celebrate world press freedom day. That means they may not be now. And our colleagues, they want me to say, we do this work. We go, they will get the freedom.",0.8022164570000001,10.7840003967,0.07438950550000001,14.7100000381,4,True,,,0.38235294117647056,0.24848484848484848
1130,Whisper Base,Hey I miss say e happen now make me normal explain some today any part E most them miss this part Ek you ask question e go other affect OK you like you attempt," No, no, no, no, no, no, no, no, no, no, no, no, no, no, no, no, no, no, no, no, no, no, no, no, no, no, no, no, no, no, no, no, no, no, no, no, no, no, no, no, no, no, no, no, no, no, no, no, no, no, no, no, no, no, no, no, no, no, no, no, no, no, no, no, no, no, no, no, no, no, no, no, no, no, no, no, no, no, no, no, no, no, no, no, no, no, no, no, no, no, no, no, no, no, no, no, no, no, no, no, no, no, no, no, no, no, no, no, no, no, no, no, no, no, no, no, no, no, no, no, no, no, no, no, no, no, no, no, no, no, no, no, no, no, no, no, no, no, no, no, no, no, no, no, no, no, no, no, no, no, no, no, no, no, no, no, no, no, no, no, no, no, no, no, no, no, no, no, no, no, no, no, no, no, no, no, no, no, no, no, no, no, no, no, no, no, no, no, no, no, no, no, no, no, no, no, no, no, no, no, no, no, no, no, no, no, no, no, no, no, no, no, no, no, no, no, no, no, no, no, no, no,",4.88711004,11.5200004578,0.4242282852,23.5300006866,2,True,,,6.529411764705882,3.861635220125786
106,Whisper Base,Passion to serve na he go touch dem because if we dey wait make Angel Gabriel come from down come talk say we go put lab for our school we go increase the percentage of education for budget all those ones no go work Make we go dis break come back we go continue our discussion based on as e Dey hot hot," Basha'u tosa'u, na'in go'u'u'u'u'u'u'u'u'u'u'u'u'u'u'u'u'u'u'u'u'u'u'u'u'u'u'u'u'u'u'u'u'u'u'u'u'u'u'u'u'u'u'u'u'u'u'u'u'u'u'u'u'u'u'u'u'u'u'u'u'u'u'u'u'u'u'u'u'u'u'u'u'uu'u'u'u'u'uuu'u'uuuuuuuuuuuuuuuuuuuuuuuuuuuuuuuuuuuuuuuuuuuuuuuuuuuuuuuuuuuuuuuuuuuuuuuuuuuuuuuuuuuuuuuuuuuuuuuuuuuuuuuuuuuuuuuuuuuuuuuuuuuuuuuuuuuuuuuuuuuuuuuuuuuuuuuuuuuuuuuuuuuuuuuuuuuuuuuuuuuuuuuuuuuuuuuuuuuuuuuuuuuuuuuuuuuuuuuuuuuuuuuuuuuuuuuuuuuuuuuuuuuuuuuuuuuuuuuuuuuuuuuuuuuuu",4.6767137739999995,15.9359998703,0.2934684872,22.2199993134,7,True,,,1.3492063492063493,1.3410596026490067
1442,Whisper Base,Constru contract Constru contract involves the excution of work that asiv, Construction contract. Construction contract involves the execution of works that are civil.,0.32404021,9.4359998703,0.0343408451,36.3600006104,1,True,,,0.5454545454545454,0.2465753424657534
771,Whisper Base,Justice Oyoyibo come shift the case till Wednesday for hearing, Jostis o waibou kom shifte de kis till when as day for hearing.,0.393710655,5.6960000992,0.0691205492,40.0,1,True,,,1.0,0.3225806451612903
308,Whisper Base,Good buy young generation wey from him go ya young generation," Good bye from your generation. No, he got wasn't young generation.",0.374713505,5.1160001755,0.07324345040000001,27.2700004578,4,True,,,0.7272727272727273,0.39344262295081966
439,Whisper Base,Alright now time for us to take our old school muscle tetw," All right, now time for us to take our old school music coming all the way from Tony Tetswila.",0.553545057,6.3520002365,0.0871449994,8.3299999237,1,True,,,0.8333333333333334,0.5862068965517241
405,Whisper Base,Progest the interest of the Nan people E we don con see movemental do coola Qution movement for Neeriia say ok oh this one go E go acomodate all the interest of everybody wey dey inside ofa and they go try see how dem go take metamopause," Projektsi di Interest of the Nigerian people, we don't consume movements, do now, do kola gonshou in lola, koalisha movement for Nigeria, say okeu, this one go, go a komodita of the Interest of everybody doing this, had to go to Nigeria, and they go try to see how they go take metamorphosis.",1.30348736,15.5839996338,0.08364267140000001,44.6800003052,8,True,,,0.6595744680851063,0.42616033755274263
1010,Whisper Base,So na why I just create and no fail and one old name name yea and is common with ibo people you understand na just," I just created him, and in all Felicia, I want old name. And it's common with Ibu people, you understand?",0.6814927820000001,8.9759998322,0.07592388530000001,44.0,8,True,,,0.68,0.4298245614035088
520,Whisper Base,This issue of notice wey you dey talk na posting abi no be posting because some people no dey even understand how this okay The one wey e clear pass na that red mark hole dey put," This issue of notice, where they talk. Now posting, have you not be posting? Because some people know they even understand how this ought to be.",0.5115976050000001,11.7760000229,0.04344409,35.1399993896,9,True,,,0.6216216216216216,0.4157303370786517
553,Whisper Base,"We need internet, our office must dey resemble people wey dey do better work for inside the country and also, houses wey dey so. Una know say 14 Judges na him dey Supreme court, wey dey carry lament, put better lamentation for the ear of the former Chief Justice Sob...", Nguyen Nguyen Nguyen nguyen nguyen nguyen nguyen nguyen nguyen nguyen nguyen nguyen nguyen nguyen nguyen nguyen nguyen nguyen nguyen nguyen nguyen nguyen nguyen nguyen nguyen nguyen nguyen nguyen nguyen nguyen nguyen nguyen nguyen nguyen nguyen nguyen nguyen nguyen nguyen nguyen nguyen nguyen nguyen nguyen nguyen nguyen nguyen nguyen nguyen nguyen nguyen nguyen nguyen nguyen nguyen nguyen nguyen nguyen nguyen nguyen nguyen nguyen nguyen nguyen nguyen nguyen nguyen nguyen nguyen nguyen nguyen nguyen nguyen nguyen nguyen nguyen nguyen nguyen nguyen nguyen nguyen nguyen nguyen nguyen nguyen nguyen nguyen nguyen nguyen nguyen nguyen nguyen nguyen nguyen nguyen nguyen nguyen nguyen nguyen nguyen nguyen nguyen nguyen nguyen nguyen nguyen nguyen nguyen nguyen nguyen nguyen nguyen nguyen nguyen nguyen nguyen nguyen nguyen nguyen nguyen nguyen nguyen nguyen nguyen nguyen nguyen nguyen nguyen nguyen nguyen nguyen nguyen nguyen nguyen nguyen nguyen nguyen nguyen nguyen nguyen nguyen nguyen nguyen nguyen nguyen nguyen nguyen nguyen,4.664743768,14.1599998474,0.3294310606,44.9000015259,11,True,,,2.96,3.5057471264367814
1162,Whisper Base,Since na 50 people the governis ejaculation come come and talk say govern us Wetin dey happen for her state Shey e be play her root to encourage education for her state E come on Grus Grow say, Sena'a'a'a'a'a'a'a'a'a'a'a'a'a'a'a'a'a'a'a'a'a'a'a'a'a'a'a'a'a'a'a'a'a'a'a'a'a'a'a'a'a'a'a'a'a'a'a'a'a'a'a'a'a'a'a'a'a'a'a'a'a'a'a'a'a'a'a'a'a'a'a'a'a'a'a'a'a'a'a'a'a'a'a'a'a'a'a'a'a'a'a'a'a'a'a'a'a'a'a'a'a'a'a'a'a'a'a'a'a'a'a'a'a'a'a'a'a'a'a'a'a'a'a'a'a'a'a'a'a'a'a'a'a'a'a'a'a'a'a'a'a'a'a'a'a'a'a'a'a'a'a'a'a'a'a'a'a'a'a'a'a'a'a'a'a'a'a'a'a'a'a'a'a'a'a'a'a'a'a'a'a'a'a'a'a'a'a'a'a'a'a'a'a'a'a'a'a'a'a'a'a'a'a'a'a'a'a'a'a'a'a'a'a'a'a'a'a'a'a'a'a,4.563234942,12.6560001373,0.36055901490000003,18.9200000763,4,True,,,5.842105263157895,2.0520833333333335
1186,Whisper Base,Um mainly in legus OK So we have we have Macol we have e have Tak bm," mainly in Lagos. Okay, so we have, we have a micro-core, we have a pair, we have Takwabi.",0.59865944,7.3600001335,0.0813395964,23.5300006866,5,True,,,0.6470588235294118,0.39705882352941174
44,Whisper Base,So na Muna give una team name now feel free," So na mo na gif o na team name na, feel free.",0.456094977,3.0239999294,0.15082506210000002,20.0,1,True,,,0.6,0.18604651162790697
321,Whisper Base,When you getting married you dey marry the full family no be only just girl or no be only that guy na you dey marry, Wa' i'w i'w i'w i'w i'w i'w i'w i'w i'w i'w i'w i'w i'w i'w i'w i'w i'w i'w i'w i'w i'w i'w i'w i'w i'w i'w i'w i'w i'w i'w i'w i'w i'w i'w i'w i'w i'w i'w i'w i'w i'w i'w i'w i'w i'w i'w i'w i'w i'w i'w i'w i'w i'w i'w i'w i'w i'w i'w i'w i'w i'w i'w i'w i'w i'w i'w i'w i'w i'w i'w i'w i'w i'w i'w i'w i'w i'w i'w i'w i'w i'w i'w i'w i'w i'w i'w i'w i'w i'w i'w i'w i'w i'w i'w i'w i'w i'w i'w i'w i'w i'w i'w i'w i'w i'w i'w i'w i'w i'w i'w i'w i'w i'w i'w i'w i'w i'w i'w i'w i'w i'w i'w i'w i'w i'w i'w i'w i'w i'w i'w i'w i'w i'w i'w i'w i'w i'w i'w i'w i'w i'w i'w i'w i'w i'w i'w i'w i,5.34352488,6.5440001488,0.8165532944,48.0,7,True,,,11.84,4.895652173913043
1637,Whisper Base,Di be the congrate of the people this based on pop So if una if una popation big, Die with the congress of the people. This is based on population. So even a population of big.,0.389288142,8.3360004425,0.0466996307,44.4399986267,3,True,,,0.5555555555555556,0.375
1253,Whisper Base,The other painkillers not just me not just painkillers the also other nephroxic drugs in which na good but dey have a side effect A natur cos loose to people out of ignance also," Não, não, não, não, não, não, não, não, não, não, não, não, não, não, não, não, não, não, não, não, não, não, não, não, não, não, não, não, não, não, não, não, não, não, não, não, não, não, não, não, não, não, não, não, não, não, não, não, não, não, não, não, não, não, não, não, não, não, não, não, não, não, não, não, não, não, não, não, não, não, não, não, não, não, não, não, não, não, não, não, não, não, não, não, não, não, não, não, não, não, não, não, não, não, não, não, não, não, não, não, não, não, não, não, não, não, não, não, não, não, não, não, não, não, não, não, não, não, não, não, não, não, não, não, não, não, não, não, não, não, não, não, não, não, não, não, não, não, não, não, não, não, não, não, não, não, não, não, não, não, não, não, não, não, não, não, não, não, não, não, não, não, não, não, não, não, não, não, não, não, não, não, não, não, não, não, não, não, não, não, não, não, não, não, não, não, não, não, não, não, não, não, não, não, não, não, não, não, não, não, não, não, não, não, não, não, não, não, não, não, não, não, não, não, não, não, não, não, não, não, não, não,",4.781528942,9.1359996796,0.5233722756,35.2900009155,4,True,,,6.529411764705882,4.677966101694915
1712,Whisper Base,For back here people no change no too go belle I need check am now OK OK By dey check go But na fresh go check reach dem wan get car and, ...for back yet. ...for back yet. ...for back yet. ...for back yet. ...for back yet. ...for back yet. ...for back yet. ...for back yet. ...for back yet. ...for back yet. ...for back yet. ...for back yet. ...for back yet. ...for back yet. ...for back yet. ...for back yet. ...for back yet. ...for back yet. ...for back yet. ...for back yet. ...for back yet. ...for back yet. ...for back yet. ...for back yet. ...for back yet. ...for back yet. ...for back yet. ...for back yet. ...for back yet. ...for back yet. ...for back yet. ...for back yet. ...for back yet. ...for back yet. ...for back yet. ...for back yet. ...for back yet. ...for back yet. ...for back yet. ...for back yet. ...for back yet. ...for back yet. ...for back yet. ...for back yet. ...for back yet. ...for back yet. ...for back yet. ...for back yet. ...for back yet. ...for back yet. ...for back yet. ...for back yet. ...for back yet. ...for back yet. ...for back yet. ...for back yet. ...for back yet. ...for back yet. ...for back yet. ...for back yet. ...for back yet. ...for back yet. ...for back yet. ...for back yet. ...for back yet. ...for back yet. ...for back yet. ...for back yet. ...for back yet. ...for back yet. ...for back yet. ...for back yet. ...for back yet. ...for back yet. ...for back yet. ...for back yet. ...for back yet. ...for back yet. ...for back yet. ...for back yet. ...for back yet. ...for back yet. ...for back yet. ...for back yet. ...for back yet. ...for back yet. ...for back yet. ...for back yet. ...for back yet,5.477446706,14.0,0.3912461933,15.6199998856,6,True,,,8.28125,7.764705882352941
432,Whisper Base,Conadicitary post You know if am and imprab like her," Kodadi tree posts, you know if I'm an employee like ah.",0.38645318900000003,4.5760002136,0.084452179,10.0,2,True,,,0.8,0.38461538461538464
162,Whisper Base,But dem go package am pack pack am more bring am back because carbal dey there wey wan use am," pakejam, pakejam, pakejam, brinam, bai, bai, bai, dilded, we won't use them.",0.5384301410000001,5.2960000038,0.1016673226,10.0,3,True,,,0.95,0.5591397849462365
870,Whisper Base,E sometimes no be by gradral Some people don wear you without fight," And sometimes, let me buy a draw, draw. Some people don't win you without fights.",0.388505804,4.5720000267,0.08497502230000001,38.4599990845,5,True,,,0.7692307692307693,0.29850746268656714
895,Whisper Base,Donic you dey there Abeg if you get chance call us back make we talk this matter This matter na matter wey be say even 1 h no go do us to talk But I believe say we don do just for the matter We don exercise say na bad thing We don exercise say na serious problem," I don't think you're there yet. I beg you if you get your schoolers back, make me talk this matter. This matter will be saving one of our no good doers to talk. But I believe so. We don't do justice for the matter. We don't have a side. Say no bad thing. We don't have a side. Say no serious problem.",1.004569682,15.468000412,0.0649450256,45.6100006104,17,True,,,0.6206896551724138,0.3473282442748092
297,Whisper Base,4's younger brother but for me I go like to have my own," for actually. And it's my mom's younger brother, but for me, I would like to have my own.",0.43845492300000005,6.271999836,0.0699067179,23.0799999237,2,True,,,0.5714285714285714,0.5818181818181818
1501,Whisper Base,and then e tell me that e wan me to join Mines And how you react on OR join when I join Mines," and then he told me that he wanted me to join Mavins. And how did you react? Come on over. I did it, Jack. I was joined Mavins.",0.62936834,8.704000473,0.0723079395,34.7799987793,2,True,,,0.6521739130434783,0.44086021505376344
510,Whisper Base,August okay May June July August 4 Ok so no your body the morning note No Ord like say no bin good so far No see keeping you safe very," Oh, God. Okay, ma'am, would you like, oh, God's for? Okay, so know your body man. No, ma'am. No, it's weird, actually, no one's been good so far. No one has to go. Alexey is keeping you safe. Very.",0.830252521,11.1999998093,0.0741296906,44.8300018311,6,True,,,1.0,0.6417910447761194
392,Whisper Base,In few cases we dey do do an MRI of the breast We dey view too, The total of the asset side most equal to the total of the liability side.,0.34544718900000004,7.3759999275,0.0468339469,37.5,4,True,,,0.9375,0.8548387096774194
1758,Whisper Base,I don dey spoil don dey spoil e don dey but tell am again one more time final time now, I Don't this boy don't this boy tell them to give one more time final time now,0.416644039,11.0089998245,0.0378457667,40.0,3,True,,,0.6,0.4069767441860465
658,Whisper Base,"People get issue with government dey go court dem no fight or dem no do violence, court con give the dem judgement, government go still talk say dem no do go anything, na wetin dey cause all dis bad bad things wey we dey see for country, e no suppose be so"," People get issue with government, they put cards, they know fight or they know do violence. How it's going to be their adjustments? Go and make a seat of saying they know do anything. Now why shouldn't they cross on this bad part of nobody's seat for contribute?",0.798914636,13.4239997864,0.0595139041,34.6199989319,23,True,,,0.8269230769230769,0.5198412698412699
309,Whisper Base,No be anybody as trauma when she win We get meeting her papa and mama her guardian dey sit down We say her beg go, Nobody. Nobody. Nobody. Nobody. Nobody. Nobody. Nobody. Nobody. Nobody. Nobody. Nobody. Nobody. Nobody. Nobody. Nobody. Nobody. Nobody. Nobody. Nobody. Nobody. Nobody. Nobody. Nobody. Nobody. Nobody. Nobody. Nobody. Nobody. Nobody. Nobody. Nobody. Nobody. Nobody. Nobody. Nobody. Nobody. Nobody. Nobody. Nobody. Nobody. Nobody. Nobody. Nobody. Nobody. Nobody. Nobody. Nobody. Nobody. Nobody. Nobody. Nobody. Nobody. Nobody. Nobody. Nobody. Nobody. Nobody. Nobody. Nobody. Nobody. Nobody. Nobody. Nobody. Nobody. Nobody. Nobody. Nobody. Nobody. Nobody. Nobody. Nobody. Nobody. Nobody. Nobody. Nobody. Nobody. Nobody. Nobody. Nobody. Nobody. Nobody. Nobody. Nobody. Nobody. Nobody. Nobody. Nobody. Nobody. Nobody. Nobody. Nobody. Nobody. Nobody. Nobody. Nobody. Nobody. Nobody. Nobody. Nobody. Nobody. Nobody. Nobody. Nobody. Nobody. Nobody. Nobody. Nobody. Nobody. Nobody. Nobody. Nobody. Nobody. Nobody. Nobody. Nobody. Nobody. Nobody. Nobody. Nobody. Nobody. Nobody. Nobody. Nobody. Nobody. Nobody. Nobody. Nobody. Nobody. Nobody. Nobody. Nobody. Nobody. Nobody. Nobody. Nobody. Nobody. Nobody. Nobody. Nobody. Nobody. Nobody. Nobody. Nobody. Nobody. Nobody. Nobody. Nobody. Nobody. Nobody. Nobody. Nobody. Nobody. Nobody. Nobody. Nobody. Nobody. Nobody. Nobody. Nobody. Nobody. Nobody. Nobody. Nobody. Nobody. Nobody. Nobody. Nobody. Nobody. Nobody. Nobody. Nobody. Nobody. Nobody. Nobody. Nobody. Nobody. Nobody. Nobody. Nobody. Nobody. Nobody. Nobody. Nobody. Nobody. Nobody. Nobody. Nobody. Nobody. Nobody. Nobody. Nobody. Nobody. Nobody. Nobody. Nobody. Nobody. Nobody. Nobody. Nobody. Nobody. Nobody. Nobody. Nobody. Nobody. Nobody. Nobody. Nobody. Nobody. Nobody. Nobody. Nobody. Nobody. Nobody. Nobody. Nobody. Nobody. Nobody. Nobody. Nobody. Nobody. Nobody. Nobody.,5.236223379,8.0640001297,0.6493332459000001,44.0,4,True,,,8.88,13.31858407079646
1425,Whisper Base,I waka go free up charge I no collect money for hand E just I no go CMS for this kind thing and night I dey go CMS And also I gats one small question if you answer the question well you go mean 1, kawakari kawakari gofri yogi kawakari kawakari kawakari kawakari kawakari kawakari kawakari kawakari kawakari kawakari kawakari kawakari kawakari kawakari kawakari kawakari kawakari kawakari kawakari kawakari kawakari kawakari kawakari kawakari kawakari kawakari kawakari kawakari kawakari kawakari kawakari kawakari kawakari kawakari kawakari kawakari kawakari kawakari kawakari kawakari kawakari kawakari kawakari kawakari kawakari kawakari kawakari kawakari kawakari kawakari kawakari kawakari kawakari kawakari kawakari kawakari kawakari kawakari kawakari kawakari kawakari kawakari kawakari kawakari kawakari kawakari kawakari kawakari kawakari kawakari kawakari kawakari kawakari kawakari kawakari kawakari kawakari kawakari kawakari kawakari kawakari kawakari kawakari kawakari kawakari kawakari kawakari kawakari kawakari kawakari kawakari kawakari kawakari kawakari kawakari kawakari kawakari kawakari kawakari kawakari kawakari kawakari kawakari kawakari kawakari kawakari kawakari kawak,4.62894613,10.5279998779,0.43967953870000004,34.0900001526,6,True,,,2.488888888888889,4.707692307692308
36,Whisper Base,Leadership by servitude you be leader but you be servant because na the people wey put you there na their interest na you dey work for," Lida shib bai sebitu. Yubi lida, but we'll be servants, because now the people will put you dead. Now they are interested. Now you they work for.",0.603694454,6.9600000381000005,0.0867377084,11.5399999619,1,True,,,0.6923076923076923,0.3358208955223881
691,Whisper Base,But morning my body just give me 200 2003 till date I don think but you no those of us dey live in legs you have the benefit of experiencing, Akihau'u'u'u'u'u'u'u'u'u'u'u'u'u'u'u'u'u'u'u'u'u'u'u'u'u'u'u'u'u'u'u'u'u'u'u'u'u'u'u'u'u'u'u'u'u'u'u'u'u'u'u'u'u'u'u'u'u'u'u'u'u'u'u'u'u'u'u'u'u'u'u'u'u'u'u'u'u'u'u'u'u'u'u'u'u'u'u'u'u'u'u'u'u'u'u'u'u'u'u'u'u'u'u'u'u'u'u'u'u'uuuuuuuuuuuuuuuuuuuuuuuuuuuuuuuuuuuuuuuuuuuuuuuuuuuuuuuuuuuuuuuuuuuuuuuuuuuuuuuuuuuuuuuuuuuuuuuuuuuuuuuuuuuuuuuuuuuuuuuuuuuuuuuuuuuuuuuuuuuuuuuuuuuuuuuuuuuuuuuuuuuuuuuuuuuuuuuuuuuuuuuuuuuuuuuuuuuuuuuuuuuuuuuuuuuuuuuuuuuuu,4.711588012,11.6160001755,0.40561190950000003,21.4300003052,1,True,,,3.7,2.9357142857142855
1142,Whisper Base,Now there's a new thing now phone get some kind phone wey you fit just open YouTube for the children to just dey watch some some videos You feel say e dey right," There's a new thing now, phones, you get some kind phone where if you just open YouTube for the children to just watch some videos. If you say they write",0.7329047510000001,10.0959997177,0.0725935788,39.3899993896,8,True,,,0.38235294117647056,0.25625
51,Whisper Base,O ya we hear you talk charies fit dey hear you We we dey year you ya tongue turn Good morning, I have a good year you talk. I have a good year you talk. I have a good year you talk. I have a good year you talk. I have a good year you talk. I have a good year you talk. I have a good year you talk. I have a good year you talk. I have a good year you talk. I have a good year you talk. I have a good year you talk. I have a good year you talk. I have a good year you talk. I have a good year you talk. I have a good year you talk. I have a good year you talk. I have a good year you talk. I have a good year you talk. I have a good year you talk. I have a good year you talk. I have a good year you talk. I have a good year you talk. I have a good year you talk. I have a good year you talk. I have a good year you talk. I have a good year you talk. I have a good year you talk. I have a good year you talk. I have a good year you talk. I have a good year you talk. I have a good year you talk. I have a good year you talk. I have a good year you talk. I have a good year you talk. I have a good year you talk. I have a good year you talk. I have a good year you talk. I have a good year you talk. I have a good year you talk. I have a good year you talk. I have a good year you talk. I have a good year you talk. I have a good year you talk. I have a good year you talk. I have a good year you talk. I have a good year you talk. I have a good year you talk. I have a good year you talk. I have a good year you talk. I have a good year you talk. I have a good year you talk. I have a good year you talk. I have a good year you talk. I have a good year you talk. I have a good year you talk. I have a good,5.279471088,11.7550001144,0.44912556670000003,9.5200004578,1,True,,,18.238095238095237,15.817204301075268
368,Whisper Base,Old workers nobody sey anything I think the time don come for us to begin to read strong questions We must begin to ask questions on this country Then the 3rd leg which is very important, i'f i'f i'f i'f i'f i'f i'f i'f i'f i'f i'f i'f i'f i'f i'f i'f i'f i'f i'f i'f i'f i'f i'f i'f i'f i'f i'f i'f i'f i'f i'f i'f i'f i'f i'f i'f i'f i'f i'f i'f i'f i'f i'f i'f i'f i'f i'f i'f i'f i'f i'f i'f i'f i'f i'f i'f i'f i'f i'f i'f i'f i'f i'f i'f i'f i'f i'f i'f i'f i'f i'f i'f i'f i'f i'f i'f i'f i'f i'f i'f i'f i'f i'f i'f i'f i'f i'f i'f i'f i'f i'f i'f i'f i'f i'f i'f i'f i'f i'f i'f i'f i'f i'f i'f i'f i'f i'f i'f i'f i'f i'f i'f i'f i'f i'f i'f i'f i'f i'f i'f i'f i'f i'f i'f i'f i'f i'f i'f i'f i'f i'f i'f i'f i'f i'f i'f i'f i'f i'f i'f i'f i'f i'f i'f i'f i'f i'f i'f,4.737882881,11.9200000763,0.3974733935,19.4400005341,4,True,,,8.194444444444445,2.9193548387096775
1503,Whisper Base,Na the okal predo na e go call because like no people talk the bug stop satis stable So e must work round the drug to use enckure say make nobody cause am embarrassment and make nobody spoil him name," Nadi oka prezidu nailego koa bikos, na kojbububu tok ni boksom satis tebubu. So i mons walk around the clock to use and show say, menobadi kozap me barasmez a menobadi spoili neb.",0.911911506,10.9919996262,0.0829613844,37.5,5,True,,,0.875,0.4824120603015075
196,Whisper Base,We no want continuity we wan astem wey at least The den att dey distracted by one cut case or the other So the dystractor una don distract am since December Since September of 2015 una now una come know say una no like distraction wetin dey tell una say," Y'know, we don't want continuity. We want a system where, at least, the National Assembly will be destructed by one court case or the other. So the destructions will be destructed. Since December, since September of 2015, you know, now we're not going to say we're not going to say we're not going to say we're not going to say we're not going to say we're not going to say we're not going to say we're not going to say we're not going to say we're not going to say we're not going to say we're not going to say we're not going to say we're not going to say we're not going to say we're not going to say we're not going to say we're not going to say we're not going to say we're not going to say we're not going to say we're not going to say we're not going to say we're not going to say we're not going to say we're not going to say we're not going to say we're not going to say we're not going to say we're not going to say we're not going to say we're not going to say we're not going to say we're not going to say we're not going to say we're not going to say we're not going to say we're not going to say we're not going to say we're not going to say we're not going to say we're not going to say we're not going to say we're not going to say we're not going to say we're not going to say we're not going to say we're not going to say we're not going to say we're not going to say we're not going to say we're not going to say we're not going to say we're not going to say we're not going to say we're not going to say we're not going to say we're not going to say we're not going to say we're not going to say we're not going to say we're not going to say we're not going to say we're not going to say we're",5.312223037,15.4239997864,0.3444128054,38.7799987793,12,True,,,8.1,5.893280632411067
1511,Whisper Base,Na that fight dey make the marriage sweet because you know when you make up, Narafaz'i'i'i'i'i'i'i'i'i'i'i'i'i'i'i'i'i'i'i'i'i'i'i'i'i'i'i'i'i'i'i'i'i'i'i'i'i'i'i'i'i'i'i'i'i'i'i'i'i'i'i'i'i'i'i'i'i'i'i'i'i'i'i'i'i'i'i'i'i'i'i'i'i'i'i'i'i'i'i'i'i'i'i'i'i'i'i'i'i'i'i'i'i'i'i'i'i'i'i'i'i'i'i'i'i'i'i'i'i'i'i'i'i'i'i'i'i'i'i'i'i'i'i'i'i'i'i'i'i'i'i'i'i'i'i'i'i'i'i'i'i'i'i'i'i'i'i'i'i'i'i'i'i'i'i'i'i'i'i'i'i'i'i'i'i'i'i'i'i'i'i'i'i'i'i'i'i'i'i'i'i'i'i'i'i'i'i'i'i'i'i'i'i'i'i'i'i'i'i'i'i'i'i'i'i'i'i'i'i'i'i'i'i'i'i'i'i'i'i'i,4.616980629,3.6640000343,1.2600929546000001,46.6699981689,1,True,,,14.733333333333333,5.72
1264,Whisper Base,To flex your ontopinoral muscle its the best kind of business for those who have the ontopal bone inside of dem but dem no want to go into taking on the massive risk of going into tradional," To to to flex your entrepreneur more so it is the best kind of business for those who have the entrepreneur are born inside of them, but they do not want to go into taking on the massive risk of going into traditional",0.629394862,15.9359998703,0.0394951598,27.0300006866,2,True,,,0.40540540540540543,0.25396825396825395
84,Whisper Base,Ok na that I never do that kind thing before say," Okey, ifnaraan, never ajalah kain scene before, si...",0.340696944,2.9440000057,0.1157258639,9.0900001526,1,True,,,0.8181818181818182,0.5
1061,Whisper Base,Actually falling after that has a lot of healing powers towards of disease Therw e people when during their when e come so people when their actually getting very old," In actually funny enough that that has a lot of feeling powers towards a lot of diseases. There are people when during their old, when it comes to people when they are actually getting very old.",0.5677330150000001,10.3839998245,0.0546738275,33.3300018311,2,True,,,0.5333333333333333,0.2469879518072289
1767,Whisper Base,"But at the same time when there's darkness, you have to...., because body no be firewood now"," Btw, the same time, when there's darkness, you have to. Because, btw, not before I would now.",0.476051916,4.4959998131,0.1058834377,29.4099998474,2,True,,,0.3888888888888889,0.1744186046511628
1079,Whisper Base,To get schools wey sabi teach children individual pick out their talents na money I get one," To get schools, what's a bit teach students individually, pick up their talents in harmony.",0.38948042600000005,5.9200000763,0.0657906117,29.4099998474,8,True,,,0.7058823529411765,0.34065934065934067
1094,Whisper Base,WHOUST adjust our style then the weight virus as naturally adjust our lifestyle for life Life no go go back to the old normal the again new normal now That why your right flare Make we relate to adult, konga bairos asa naturali a justi da wa a a a a a a a a a a a a a a a a a a a a a a a a a a a a a a a a a a a a a a a a a a a a a a a a a a a a a a a a a a a a a a a a a a a a a a a a a a a a a a a a a a a a a a a a a a a a a a a a a a a a a a a a a a a a a a a a a a a a a a a a a a a a a a a a a a a a a a a a a a a a a a a a a a a a a a a a a a a a a a a a a a a a a a a a a a a a a a a a a a a a a a a a a a a a a a a a a a a a a a a a a a a a a a a a a a a a a a a a a a a a a a a a a a a a a a a a a a a a a a a a a a a a a a a a a a a a a a a a a a a a a a a a a a a a a a a a a a a a a a a a a a a a a a a a a a a a a a a a a a a a a a a a a a a a a a a a a a a a a a a a a a a a a a a a a a a a a a a a a a a a a a a a a a a a a a a a a a a a a a a a a a a a a a a a a a a a a a a a a a a a a a a a a a a a a a a a a a a a a a a a a a a a a a a a a a a a a a a a a a a a a a a a a a a a a,5.463994558,13.984000206,0.3907318705,30.7700004578,11,True,,,11.205128205128204,4.185
1426,Whisper Base,Um something else wey happen is in electrolyte abnormal abnormality which just means things like your passium level sodium levels," Something else that can happen is an electrolyte abnormality, abnormality, which just means certain things like your potassium levels, sodium levels.",0.48856429999999995,9.0559997559,0.0539492395,10.0,2,True,,,0.4,0.20155038759689922
104,Whisper Base,At the point time e start going down you no pop dey involve," At the boring time, you started going down, you know, parking. So got it evolved.",0.396999321,4.4800000191,0.0886159195,46.1500015259,3,True,,,0.6923076923076923,0.4406779661016949
130,Whisper Base,To sit and discipline themselves E like you go to the university and you advise chance Sor lecurs," ...to sit and discipline themselves. It's like you go to the university and you have vice-stance, sorry, lecturers...",0.47682735200000004,8.0,0.059603419000000005,27.7800006866,1,True,,,0.3888888888888889,0.16494845360824742
1112,Whisper Base,Any of these numbers just call am between 4 and 5, Any of these numbers are squallum between four and five.,0.301950337,3.7760000229,0.0799656608,22.2199993134,2,True,,,0.45454545454545453,0.3469387755102041
1318,Whisper Base,Alright guys no go anywhere The show continues after this break go be right back na still the ogun," All right, guys. No going anywhere. The show continues after this break. We'll be right back. Now, still the open gap.",0.463415624,6.3200001717,0.073325255,36.8400001526,3,True,,,0.42105263157894735,0.1836734693877551
1571,Whisper Base,Na wetin IMF don look come talk say K leg enter inside this arrangement If we dey give tax holiday make we know say na genu people wey wan invest in business After all if we set up business for this country no be narrhea we go emlo no go enlo for Gana," Now, what's the IMF don't look on top say, can't let anti-sipist arrangements. If they give thanks on the day, make windows and are genuine people when we invest in business. After all, if we set up business for this country, no binaginas who wear ploy, we don't wear ploy move from Ghana.",0.94307695,12.3360004425,0.0764491664,24.5300006866,12,True,,,0.6981132075471698,0.41434262948207173
1626,Whisper Base,Because dem give me two hey Kie miski body stop playing and great dr Akapella I use sere as why I side as say you all sit down lose dis guy talk me off King write the on stage I dey side am and Ikopella and to sound," I don't know, I don't know, I don't know, I don't know, I don't know, I don't know, I don't know, I don't know, I don't know, I don't know, I don't know, I don't know, I don't know, I don't know, I don't know, I don't know, I don't know, I don't know, I don't know, I don't know, I don't know, I don't know, I don't know, I don't know, I don't know, I don't know, I don't know, I don't know, I don't know, I don't know, I don't know, I don't know, I don't know, I don't know, I don't know, I don't know, I don't know, I don't know, I don't know, I don't know, I don't know, I don't know, I don't know, I don't know, I don't know, I don't know, I don't know, I don't know, I don't know, I don't know, I don't know, I don't know, I don't know, I don't know, I don't know, I don't know, I don't know, I don't know, I don't know, I don't know, I don't know, I don't know, I don't know, I don't know, I don't know, I don't know, I don't know, I don't know, I don't know, I don't know, I don't know, I don't know, I don't know, I don't know, I don't know, I don't know, I don't know, I don't know, I don't know, I don't know, I don't know, I don't know, I don't know, I don't know, I don't know, I don't know, I don't know, I don't know, I don't know",4.751985827,16.2240009308,0.2928985179,12.5,2,True,,,7.354166666666667,4.855813953488372
121,Whisper Base,From that place wey dem dey from people wey come out to say I wan to repret my people from this political party dem go choose the best person wey go go for general election for the full people to vot na that one dey call indirect primary But some people don dey complain say inrect primary," From that place on the day, from people who have come at Jose, I want to represent my people from this political party that will choose the best vaccine when go go for general election for the food people to vote and I want to record indirect primary.",1.00051126,15.7440004349,0.0635487317,40.3499984741,11,True,,,0.5263157894736842,0.35294117647058826
1198,Whisper Base,The US Dey display different different planant for the visit wey they do Na general begin yam Expot to UK and US come June 29 a good one If you start to get impot, Nijirah'a'a'a'a'a'a'a'a'a'a'a'a'a'a'a'a'a'a'a'a'a'a'a'a'a'a'a'a'a'a'a'a'a'a'a'a'a'a'a'a'a'a'a'a'a'a'a'a'a'a'a'a'a'a'a'a'a'a'a'a'a'a'a'a'a'a'a'a'a'a'a'a'a'a'a'a'a'a'a'a'a'a'a'a'a'a'a'a'a'a'a'a'a'a'a'a'a'a'a'a'a'a'a'a'a'a'a'a'a'a'a'a'a'a'a'a'a'a'a'a'a'a'a'a'a'a'a'a'a'a'a'a'a'a'a'a'a'a'a'a'a'a'a'a'a'a'a'a'a'a'a'a'a'a'a'a'a'a'a'a'a'a'a'a'a'a'a'a'a'a'a'a'a'a'a'a'a'a'a'a'a'a'a'a'a'a'a'a'a'a'a'a'a'a'a'a'a'a'a'a'a'a'a'a'a'a'a'a'a'a'a'a'a'a'a'a'a'a'a'a,5.23774379,14.1759996414,0.3694796785,39.3899993896,7,True,,,6.470588235294118,2.493827160493827
865,Whisper Base,Anybody wey dem find say e stay this morning make dem prostate am, Anybody with them finds that he is dead this morning. Make them close to the town.,0.35821736600000004,4.0929999352,0.08751951420000001,30.7700004578,5,True,,,0.9230769230769231,0.4307692307692308
804,Whisper Base,And this thing I wan take E the last time I do this this the insult I get Now this time I no go get am But e dey not wey we think say," I won't take it the last time I did it. This is the insult I get. Now this time I will go get them. But in the north, when we didn't say",0.559531611,9.6479997635,0.0579945714,20.5900001526,8,True,,,0.5,0.3458646616541353
1297,Whisper Base,OK So now that e no well we move yond What your defination of him healthy relationship," Okay, so now that we move on, what's your definition of LD relationship?",0.360225797,8.0089998245,0.044977625800000004,23.5300006866,4,True,,,0.5294117647058824,0.313953488372093
355,Whisper Base,Ok Oga 1st us you dey there I just wan check whether you dey hear us loud and clear, Teh. Teh. Teh. Teh. Teh. Teh. Teh. Teh. Teh. Teh. Teh. Teh. Teh. Teh. Teh. Teh. Teh. Teh. Teh. Teh. Teh. Teh. Teh. Teh. Teh. Teh. Teh. Teh. Teh. Teh. Teh. Teh. Teh. Teh. Teh. Teh. Teh. Teh. Teh. Teh. Teh. Teh. Teh. Teh. Teh. Teh. Teh. Teh. Teh. Teh. Teh. Teh. Teh. Teh. Teh. Teh. Teh. Teh. Teh. Teh. Teh. Teh. Teh. Teh. Teh. Teh. Teh. Teh. Teh. Teh. Teh. Teh. Teh. Teh. Teh. Teh. Teh. Teh. Teh. Teh. Teh. Teh. Teh. Teh. Teh. Teh. Teh. Teh. Teh. Teh. Teh. Teh. Teh. Teh. Teh. Teh. Teh. Teh. Teh. Teh. Teh. Teh. Teh. Teh. Teh. Teh. Teh. Teh. Teh. Teh. Teh. Teh. Teh. Teh. Teh. Teh. Teh. Teh. Teh. Teh. Teh. Teh. Teh. Teh. Teh. Teh. Teh. Teh. Teh. Teh. Teh. Teh. Teh. Teh. Teh. Teh. Teh. Teh. Teh. Teh. Teh. Teh. Teh. Teh. Teh. Teh. Teh. Teh.,4.588675901,12.6420001984,0.362970719,15.7899999619,1,True,,,7.7894736842105265,6.686746987951807
719,Whisper Base,Alright and we look forward to many more stories than you be Sharing we keep ourt and appressed with you and the rest of the team as you keep uncovering a lot of the heels that going on in society your new show African eye," All right, and we look forward to many more stories that you'll be sharing. We will keep our thoughts and our prayers with you and the rest of the team as you keep on covering a lot of the yields that are going on in our society via your news show African Eye.",0.774640112,12.4160003662,0.062390471100000004,4.4400000572,2,True,,,0.35555555555555557,0.2072072072072072
99,Whisper Base,We register in na jose for the whole of Afric We register in najor but this plastumo Sori plastum job," We're registering in Nigeria, of course, for the whole of Africa. We're registering in Nigeria, but this is platform.com, platform.jub.com, sorry, platform.jub.com, it's full.",0.842051211,9.6479997635,0.0872772835,30.0,6,True,,,1.1,0.7524752475247525
1726,Whisper Base,To enjoy more of dis ourbun videos when you just watch press this button to sub on top of her Uage you go love am, To enjoy more of this album get videos when you just watch. Press this button to subscribe on top of our YouTube page. You go love her.,0.6602112790000001,8.8470001221,0.0746254402,48.0,3,True,,,0.32,0.25663716814159293
1330,Whisper Base,Right back Una bad girl Dis na warm people na OK that one easy one yella OK drink B," You're right back. Yeah, of course. I get that bad girl. This now, I was up people now. Okay, let me give you the easy one. I'm not very good to look you. Yeah, that. Okay, drink BTW.",1.001153914,9.6599998474,0.1036391232,47.3699989319,4,True,,,1.6842105263157894,1.1927710843373494
282,Whisper Base,"as the story dey unfold. Moving on from there, we get this other story wey concern the Nigerian police because right now some people dey clamour say we need state policing some other people dey say"," It's as the story, the unfold. Moving on from there, we get this other story. We're consign the Nigerian police because right now some people they clamor. So we need state police. So what are people they say?",0.832472944,13.0880002975,0.0636058164,25.0,7,True,,,0.3888888888888889,0.15897435897435896
693,Whisper Base,No wey dem go give your diet diet diet things," No, me lo colegio, daya, daya, daya, tío.",0.406400184,3.6319999695,0.1118943247,40.0,1,True,,,0.9,0.6222222222222222
145,Whisper Base,This time no be him turn," This time, no being eaten.",0.2647258,2.0320000648,0.1302784407,33.3300018311,1,True,,,0.5,0.3333333333333333
1214,Whisper Base,So long as your papa na idia your mama na ida where e naeria exact All dis talk about say Ea brother na," Solongaz jo papana naindirian, jo makana naindirian, jo hein naindirian. Exact. Odistokabase na broda nao.",0.617138107,6.0799999237,0.1015029794,21.7399997711,5,True,,,0.9565217391304348,0.5436893203883495
4,Whisper Base,"Must perform must get command performance, okay. So na that one be comedy show"," Most perform, most get command performance. Sooner or I will become a tissue.",0.35793547400000003,5.5359997749000005,0.064655977,35.7099990845,2,True,,,0.7142857142857143,0.34210526315789475
750,Whisper Base,"To make sure say this badness no happen for our roads, make dem start to dey take am immediately. E say safety precautions and routine maintenance are taken for granded by vehicle owners. E say right now", Y'est-à-dire qu'il s'est dit qu'il s'est dit qu'il s'est dit qu'il s'est dit qu'il s'est dit qu'il s'est dit qu'il s'est dit qu'il s'est dit qu'il s'est dit qu'il s'est dit qu'il s'est dit qu'il s'est dit qu'il s'est dit qu'il s'est dit qu'il s'est dit qu'il s'est dit qu'il s'est dit qu'il s'est dit qu'il s'est dit qu'il s'est dit qu'il s'est dit qu'il s'est dit qu'il s'est dit qu'il s'est dit qu'il s'est dit qu'il s'est dit qu'il s'est dit qu'il s'est dit qu'il s'est dit qu'il s'est dit qu'il s'est dit qu'il s'est dit qu'il s'est dit qu'il s'est dit qu'il s'est dit qu'il s'est dit qu'il s'est dit qu'il s'est dit qu'il s'est dit qu'il s'est dit qu'il s'est dit qu'il s'est dit qu'il s'est dit qu'il s'est dit qu'il s'est dit qu'il s'est dit qu'il s'est dit qu'il s'est dit qu'il s'est dit qu'il s'est dit qu'il s'est dit qu'il s'est dit qu'il s'est dit qu'il s'est dit qu'il s'est dit qu'il s'est dit qu'il s'est dit qu'il s'est dit qu'il s'est dit qu'il s'est dit qu'il s'est dit qu'il s'est dit qu'il,4.737733656,13.0559997559,0.362877891,40.5400009155,5,True,,,8.54054054054054,4.52
906,Whisper Base,"You know sometimes people in power, directors, producers, writers dey sleep with"," You know, sometimes people in power, directors produce as writers, they sleep with",0.33759273100000003,5.3600001335,0.0629837169,8.3299999237,2,True,,,0.25,0.05194805194805195
1118,Whisper Base,He was very funny He say something like hello is 911 my girlfriend has refuse to give me some use the A word to give me a piece of a piece of," It was very funny. He said something like, hello, it's 911. My girlfriend asked me to give me some, I used the A word. To give me a piece of, a piece of...",0.586731294,7.5679998398,0.077527921,6.4499998093,2,True,,,0.25,0.10638297872340426
992,Whisper Base,How many school baed about even the arrest na now we see, Ame ni'n school ni ni'n school ni ni'n school ni ni'n school ni ni'n school ni ni'n school ni ni'n school ni ni'n school ni ni'n school ni ni'n school ni ni'n school ni ni'n school ni ni'n school ni ni'n school ni ni'n school ni ni'n school ni ni'n school ni ni'n school ni ni'n school ni ni'n school ni ni'n school ni ni'n school ni ni'n school ni ni'n school ni ni'n school ni ni'n school ni ni'n school ni ni'n school ni ni'n school ni ni'n school ni ni'n school ni ni'n school ni ni'n school ni ni'n school ni ni'n school ni ni'n school ni ni'n school ni ni'n school ni ni'n school ni ni'n school ni ni'n school ni ni'n school ni ni'n school ni ni'n school ni ni'n school ni ni'n school ni ni'n school ni ni'n school ni ni'n school ni ni'n school ni ni'n school ni ni'n school ni ni'n school ni ni'n school ni ni'n school ni ni'n school ni ni'n school ni ni'n school ni ni'n school ni ni'n school ni ni'n school ni ni'n school ni ni'n school ni ni'n school ni ni'n school ni ni'n school ni ni'n school ni ni'n school ni ni'n school ni ni'n school ni ni'n school ni ni'n school ni ni'n school ni ni'n school ni ni'n school ni ni'n school ni ni'n school ni ni'n school ni ni'n school ni ni'n school ni ni'n school ni ni'n school ni ni'n school ni ni'n school ni ni'n school ni ni'n school ni ni'n school ni ni'n school ni ni',5.350659036,6.4159998894,0.8339555998,50.0,3,True,,,29.416666666666668,23.178571428571427
1087,MMS-1B,Inside studio channel Sorry we don una no too get time at least we hope for like 5 min No vex other Your name wetin be your real name,inside studio chade chaa i'm sorry w  not to get time at leas wi your talk for like five minute nor ver so chader your name wetin be yor real name,2.278458555,7.9200000763,0.2876841582,39.2900009155,6,True,,Multilingual MMS baseline; no dedicated Cameroon Pidgin adapter claimed.,0.6551724137931034,0.3308270676691729
1129,MMS-1B,And puting up post on our recent gathers or things about come up so people go usually easily join in,putting up posts on our recent gatherings or things are about to come up so people can easily join in,0.269528635,6.2399997711,0.0431936931,15.0,2,True,,Multilingual MMS baseline; no dedicated Cameroon Pidgin adapter claimed.,0.4,0.25
1149,MMS-1B,You then if you go there you no see medicine,an de i you go der yo nor sie madisin,0.155016651,2.9279999733,0.0529428458,40.0,1,True,,Multilingual MMS baseline; no dedicated Cameroon Pidgin adapter claimed.,0.8,0.36363636363636365
731,MMS-1B,E must too old before you go marry,ee yi mos tu koska igo mari,0.11360815,2.4639999866,0.046107204000000006,50.0,2,True,,Multilingual MMS baseline; no dedicated Cameroon Pidgin adapter claimed.,1.0,0.6470588235294118
407,MMS-1B,Ince how much you look for this election,i make how much you need for this election we give you you want security we give you you wan this,0.257926229,5.4559998512,0.0472738702,50.0,3,True,,Multilingual MMS baseline; no dedicated Cameroon Pidgin adapter claimed.,1.875,1.575
1640,MMS-1B,How the school how you wan take that teacher Wetin be the settum exactly No be they about the structure Na about the content structure go just dey for long But that content of that structure na im make we dey look We get chim chim good morning all the way from woman,how di i wantwetin be de set of exaty no bidtran about di structure na bout di content structure wid ol stay forlong but that kontent of dhat structure na i make u dey look we gat chima chima good mornin all de way from uma a hia,0.567374224,14.5080003738,0.0391076792,43.4000015259,11,True,,Multilingual MMS baseline; no dedicated Cameroon Pidgin adapter claimed.,0.660377358490566,0.31203007518796994
11,MMS-1B,"The world, na just the level with which e dey happen na e dey differ For some places, it is ranked so high and for some places it's ranked so low",the wal naw just the level with which ra dey happen naw in dey differ for some places it is ranked so high and for some places it rankes so low,0.351255068,8.8159999847,0.0398429071,41.9399986267,2,True,,Multilingual MMS baseline; no dedicated Cameroon Pidgin adapter claimed.,0.21875,0.08391608391608392
1439,MMS-1B,One party na im dysing angeria or,wone party na i distroy nigeria o,0.160258498,3.0239999294,0.0529955363,28.5699996948,1,True,,Multilingual MMS baseline; no dedicated Cameroon Pidgin adapter claimed.,0.7142857142857143,0.30303030303030304
1654,MMS-1B,Yeah so dem possibility say along the line,yso there is a possibility t say along te line,0.16482532400000002,3.3280000687,0.049526839100000004,37.5,4,True,,Multilingual MMS baseline; no dedicated Cameroon Pidgin adapter claimed.,0.75,0.3333333333333333
665,MMS-1B,Conclusion logical make we see the final wheeastle of this matter No be rgical conclusion wey say the end go hang somewhere,conclusion logical make u se the final whistle of this mata no bi logical conclure be say the end go hand somewhere,0.30715816,7.0399999619,0.0436304207,40.9099998474,8,True,,Multilingual MMS baseline; no dedicated Cameroon Pidgin adapter claimed.,0.4090909090909091,0.15447154471544716
754,MMS-1B,How true is the issue of the polish and the issue of the polish with the cortion there I dey show also investigate how I dey doing while I dey posting people to VI or making morning to their pocket,how thrug is the issue of the police and if he issue of the police do de corruption there they should also investigate how are they doing whid are dhey posin peple to via o makin money to dhear pockates,0.482515931,12.0799999237,0.039943372000000005,47.5,3,True,,Multilingual MMS baseline; no dedicated Cameroon Pidgin adapter claimed.,0.6,0.25380710659898476
222,MMS-1B,The water dey come from too Where the sore dey come from,waa  c were de sal de com fron,0.15993849100000002,3.0399999619,0.0526113464,41.6699981689,3,True,,Multilingual MMS baseline; no dedicated Cameroon Pidgin adapter claimed.,1.0,0.5714285714285714
1255,MMS-1B,unless make work more people go join this very nice and I know say you na person wey dey bring creativity enter inside im some of your um jokes Tell us about these events wey you get on ground now,funded institutions like the state and the federal institutions and how many people can afford to send their children to private universitypar enr  asa secreta,0.592389869,13.984000206,0.042361975100000004,42.5,7,True,,Multilingual MMS baseline; no dedicated Cameroon Pidgin adapter claimed.,0.975,0.7704081632653061
996,MMS-1B,Wey fire dey burn for your body mass And na you Dey do the magic on top their body to make dem feel say e dey actually actually burn Just one question question for my mouth,tis is the best time ever to be involved in music general wedaibi ati sloda biprodusa wedabibi manaja wedabibiwatever u a,0.35176990700000005,10.0959997177,0.0348425036,41.6699981689,9,True,,Multilingual MMS baseline; no dedicated Cameroon Pidgin adapter claimed.,0.9444444444444444,0.7558139534883721
451,MMS-1B,"Ok Em this is the third edition,musin center,we still have not changed venue but we changed space from shell hall",k this de ter adition musan sent i wil still have no change geman venu but we change space iven from share hall,0.316881102,7.1840000153,0.0441092847,9.0900001526,2,True,,Multilingual MMS baseline; no dedicated Cameroon Pidgin adapter claimed.,0.7272727272727273,0.3185840707964602
1399,MMS-1B,because of the way wey be say,bekause of te way when we say,0.10833838700000001,2.0639998913,0.052489531400000004,42.8600006104,1,True,,Multilingual MMS baseline; no dedicated Cameroon Pidgin adapter claimed.,0.5714285714285714,0.1724137931034483
508,MMS-1B,Potor go dey price him market. But now ehh Mavis,pe de g e iin mare  i  e be a a ie,0.258952045,5.4400000572,0.0476014784,20.0,2,True,,Multilingual MMS baseline; no dedicated Cameroon Pidgin adapter claimed.,1.2,0.5957446808510638
1380,MMS-1B,You get dem to be moody sometimes.Sometimes dey cooperate with you dey take their medicines sometimes the don't,you get dem to be moody sometimes sometimes they corporate with you dhey take their medicines sometimes they don't,0.277998232,6.1599998474,0.0451295842,16.6700000763,6,True,,Multilingual MMS baseline; no dedicated Cameroon Pidgin adapter claimed.,0.2,0.05405405405405406
982,MMS-1B,from guys just to collect more money to survive All of these things na wetin we suppose put together,from guyse just t collect more money to survive all of thise things naw wetin we suppose put together,0.26447911900000004,5.1840000153,0.0510183484,31.5799999237,1,True,,Multilingual MMS baseline; no dedicated Cameroon Pidgin adapter claimed.,0.21052631578947367,0.04
1548,MMS-1B,All those things Dey cause problem for suicide Dey cause by suciety but we do hope say this gbry elects go Dey catchly the place like cano Because if truly true at the end no allow the PDP to condom elect for cano Her people don Dey show signs of fears say them no sure wetin happen,all those things in te cost problem for sc scity were we do hope say thise gubernatarial elections go dey cachr ad isprali in place like kano bikaus if truly truly at the end dey no allow the pdp to condoc gugbranatory elections for cano ar pipol don dey show signs or fears so dhey no show whithing happen,0.59789151,15.1040000916,0.0395849779,43.8600006104,13,True,,Multilingual MMS baseline; no dedicated Cameroon Pidgin adapter claimed.,0.5263157894736842,0.37943262411347517
760,MMS-1B,No around here dem callfication but butationly cleaning up the environment replacing waist and standing water with grass and frees And if you go to the Wester world you find that the environment is is clean,around here they are call it beautification but beautification is simply cleaning up the environment replacing waste and standing water with grass and trees and if you go to the western world you find that the environment is clean,0.576551153,14.4639997482,0.0398611147,11.1099996567,2,True,,Multilingual MMS baseline; no dedicated Cameroon Pidgin adapter claimed.,0.3611111111111111,0.19902912621359223
1456,MMS-1B,true So if loing play a partan existence that word lock no even exist in force So how think that time and chance happen to them or lock also happen to dem or sometimes,so if lock diden play a pat in human existence dhat word lok wil not iven exist in the first place so i think that time an chance happens to them or lock also happens to them or somti say,0.596550201,13.6000003815,0.0438639841,29.4099998474,4,True,,Multilingual MMS baseline; no dedicated Cameroon Pidgin adapter claimed.,0.6176470588235294,0.31137724550898205
177,MMS-1B,I just put heart and vide just post am just for fun you no get plan say na because make I already,i just put at i am dividu just post am just for pan  y not get plas  s a naw bicos me arad,0.318764553,7.1199998856,0.0447703031,45.4500007629,1,True,,Multilingual MMS baseline; no dedicated Cameroon Pidgin adapter claimed.,0.6363636363636364,0.29896907216494845
1578,MMS-1B,True but get some kind baby you go tell all that dem go accept am That why you have to keep try One day go fall for you true true that wey I believe in the trut person wey don tell me no worry,but he get som kind pap wen e go tell a dey go accept ap tat's why you have to keep trying one day i g far for youit's treat's why i belive in de truth tugtell me no worr,0.586780996,13.1359996796,0.0446696871,27.2700004578,5,True,,Multilingual MMS baseline; no dedicated Cameroon Pidgin adapter claimed.,0.6590909090909091,0.3333333333333333
892,MMS-1B,Why e come want make I first lie,wey yu kon want mek a feth lai,0.111051377,2.2239999771,0.0499331736,25.0,1,True,,Multilingual MMS baseline; no dedicated Cameroon Pidgin adapter claimed.,0.875,0.46875
859,MMS-1B,Na im di politician and big man sef dey go So make we dey think this matter them Wisdom Dey call us from Leg Wisdom welcome to acid Wisdom good evening,na i di politishan and bigmansef dey go so make wi dey tink dis matter dem wisdom dey coll us from lagus wisdom welcom to as se deir hrarti,0.6008011750000001,13.5520000458,0.0443330263,12.8999996185,3,True,,Multilingual MMS baseline; no dedicated Cameroon Pidgin adapter claimed.,0.5161290322580645,0.23178807947019867
1416,MMS-1B,Wetin you want then you wan answer how you take see yourself because we no fit rise above the perception wey we get of our self,witin you want then you want anser how you take sea yourself bekose we no fil rise above the perception wel we get of ourself,0.35948538500000005,10.1120004654,0.0355503727,23.0799999237,3,True,,Multilingual MMS baseline; no dedicated Cameroon Pidgin adapter claimed.,0.34615384615384615,0.07874015748031496
1630,MMS-1B,But e work for government e bring idea enter inside government Now if all of us say na asure wey bump to all of us,but e work for government e bring idea entiside government now if all of us see nigeria as country wen belong to all of us,0.31931147400000004,7.1040000916,0.0449481236,12.0,6,True,,Multilingual MMS baseline; no dedicated Cameroon Pidgin adapter claimed.,0.32,0.20175438596491227
1026,MMS-1B,He get certain votes for him kit already in the North The say very white man I dey tell una say,e get setin vote for enkite olready in de noto you sey vorry wile bery wise man i dey tell una sey,0.36200308800000003,8.6239995956,0.0419762413,38.0999984741,6,True,,Multilingual MMS baseline; no dedicated Cameroon Pidgin adapter claimed.,0.7142857142857143,0.3473684210526316
1366,MMS-1B,very children E have that heart thatin Legos um leak and then as a new place as fentastic itampolin center,er cildren we have that in legals  lak i legaliq and then as a new place as fantastic it a trampalin cent,0.349007846,9.295999527,0.0375438752,15.0,4,True,,Multilingual MMS baseline; no dedicated Cameroon Pidgin adapter claimed.,0.65,0.32075471698113206
1339,MMS-1B,"The full world dey celebrate world press freedom day, that one means say me and Nkubi now and our colleagues them wey be say we dey do this work we go get the freedom",di ful world dey celebrate world press freedom day na wa min sey mi anunkubi naw and awa kollegs der wen wi say wi dey do dhis work wg e will get di freedom,0.48366254500000005,10.7840003967,0.0448500118,14.7100000381,4,True,,Multilingual MMS baseline; no dedicated Cameroon Pidgin adapter claimed.,0.6176470588235294,0.2545454545454545
1130,MMS-1B,Hey I miss say e happen now make me normal explain some today any part E most them miss this part Ek you ask question e go other affect OK you like you attempt,am diaa le mi na spa am i ms i de mi dipa yo ai li e gani ta g daa a lii  ata i,0.520937979,11.5200004578,0.0452203089,23.5300006866,2,True,,Multilingual MMS baseline; no dedicated Cameroon Pidgin adapter claimed.,0.9705882352941176,0.7044025157232704
106,MMS-1B,Passion to serve na he go touch dem because if we dey wait make Angel Gabriel come from down come talk say we go put lab for our school we go increase the percentage of education for budget all those ones no go work Make we go dis break come back we go continue our discussion based on as e Dey hot hot,wasshon to salv nai go tuch dem bikos if w  de wey make engegabrek come from down kon dok sey we go put lap for awr school we go increase de percentage of education for budget ol those ones no go work make we go dis break omarwok o e aur discussion base on as ener,0.7425936430000001,15.9359998703,0.046598497100000004,22.2199993134,7,True,,Multilingual MMS baseline; no dedicated Cameroon Pidgin adapter claimed.,0.4603174603174603,0.2251655629139073
1442,MMS-1B,Constru contract Constru contract involves the excution of work that asiv,consrucin contract construction contract involves the execution of works that areceveled,0.354978138,9.4359998703,0.0376195573,36.3600006104,1,True,,Multilingual MMS baseline; no dedicated Cameroon Pidgin adapter claimed.,0.45454545454545453,0.2602739726027397
771,MMS-1B,Justice Oyoyibo come shift the case till Wednesday for hearing,justice awaible come shift di case till wenesday for hearin,0.27611511,5.6960000992,0.0484752643,40.0,1,True,,Multilingual MMS baseline; no dedicated Cameroon Pidgin adapter claimed.,0.4,0.1774193548387097
308,MMS-1B,Good buy young generation wey from him go ya young generation,god bi  young generationw  i na i gam posi yung generation,0.212760941,5.1160001755,0.041587360000000004,27.2700004578,4,True,,Multilingual MMS baseline; no dedicated Cameroon Pidgin adapter claimed.,0.8181818181818182,0.2786885245901639
439,MMS-1B,Alright now time for us to take our old school muscle tetw,aris now time for us to take our old school music coming all the way from tony tetwilla,0.29333061,6.3520002365,0.046179250500000005,8.3299999237,1,True,,Multilingual MMS baseline; no dedicated Cameroon Pidgin adapter claimed.,0.75,0.6206896551724138
405,MMS-1B,Progest the interest of the Nan people E we don con see movemental do coola Qution movement for Neeriia say ok oh this one go E go acomodate all the interest of everybody wey dey inside ofa and they go try see how dem go take metamopause,project the interest of the nigerian piple we don kan si movement do naw du kolagun solo in lola koalition movement for nigeria se ok o dis won go i go accommodator the interest of everybody when dhey sead topodo nigeria and they go try to see how them goll take metamorphose,0.744030594,15.5839996338,0.0477432374,44.6800003052,8,True,,Multilingual MMS baseline; no dedicated Cameroon Pidgin adapter claimed.,0.6595744680851063,0.3755274261603376
1010,MMS-1B,So na why I just create and no fail and one old name name yea and is common with ibo people you understand na just,s na wa a just create am and e no felishia na on old name nam ya and is common with ebo pipole yon isa a just,0.37726384500000004,8.9759998322,0.0420302865,44.0,8,True,,Multilingual MMS baseline; no dedicated Cameroon Pidgin adapter claimed.,0.6,0.2894736842105263
520,MMS-1B,This issue of notice wey you dey talk na posting abi no be posting because some people no dey even understand how this okay The one wey e clear pass na that red mark hole dey put,this issue of notice wey dey talk na postin abinobi postin bicause some pepole know dey even understand how dhi otin y am wen i cler pasluvan an tha red mak o dey put,0.507275767,11.7760000229,0.0430770861,35.1399993896,9,True,,Multilingual MMS baseline; no dedicated Cameroon Pidgin adapter claimed.,0.5675675675675675,0.21910112359550563
553,MMS-1B,"We need internet, our office must dey resemble people wey dey do better work for inside the country and also, houses wey dey so. Una know say 14 Judges na him dey Supreme court, wey dey carry lament, put better lamentation for the ear of the former Chief Justice Sob...",we need intanet our office must resemble pepole where dhey do better work for inside the country and also houses where they sow na kno say fourteen judges nine der supreme court where the carry lamenty put better lamentation for the year of the former chief justice so,0.601325675,14.1599998474,0.0424665029,44.9000015259,11,True,,Multilingual MMS baseline; no dedicated Cameroon Pidgin adapter claimed.,0.38,0.16475095785440613
1162,MMS-1B,Since na 50 people the governis ejaculation come come and talk say govern us Wetin dey happen for her state Shey e be play her root to encourage education for her state E come on Grus Grow say,sa n fifte peple te gorn ami the minist of education concoma taks e governus watin they happen from our state shar e piace nande planar rota encorege education from our state e ca o call on gres grus wem say,0.5279506740000001,12.6560001373,0.0417154447,18.9200000763,4,True,,Multilingual MMS baseline; no dedicated Cameroon Pidgin adapter claimed.,0.868421052631579,0.4583333333333333
1186,MMS-1B,Um mainly in legus OK So we have we have Macol we have e have Tak bm,mainly in legas so we have macoca we have a qar we hae taqa ba,0.33987952800000004,7.3600001335,0.0461792829,23.5300006866,5,True,,Multilingual MMS baseline; no dedicated Cameroon Pidgin adapter claimed.,0.6470588235294118,0.4117647058823529
44,MMS-1B,So na Muna give una team name now feel free,so na muna give una tem name naw fel free,0.164726448,3.0239999294,0.054473033000000004,20.0,1,True,,Multilingual MMS baseline; no dedicated Cameroon Pidgin adapter claimed.,0.3,0.06976744186046512
321,MMS-1B,When you getting married you dey marry the full family no be only just girl or no be only that guy na you dey marry,wen yu are getin maried yu dey mari di ful famili no bi only just ke or no bi only dat gi na i yu dey mary,0.31634731200000005,6.5440001488,0.0483415808,48.0,7,True,,Multilingual MMS baseline; no dedicated Cameroon Pidgin adapter claimed.,0.72,0.26956521739130435
1637,MMS-1B,Di be the congrate of the people this based on pop So if una if una popation big,i be the congress of the people this is base on population so iven a population big,0.361879116,8.3360004425,0.0434115999,44.4399986267,3,True,,Multilingual MMS baseline; no dedicated Cameroon Pidgin adapter claimed.,0.5555555555555556,0.2875
1253,MMS-1B,The other painkillers not just me not just painkillers the also other nephroxic drugs in which na good but dey have a side effect A natur cos loose to people out of ignance also,na you fil fire di pesin wey nor do i work well at is wt   a fie d  wi dey tell yu dat is why yo are di ogga presida na why wi dey toll dis mata sey to take,0.35406158200000004,9.1359996796,0.0387545528,35.2900009155,4,True,,Multilingual MMS baseline; no dedicated Cameroon Pidgin adapter claimed.,1.1470588235294117,0.7344632768361582
1712,MMS-1B,For back here people no change no too go belle I need check am now OK OK By dey check go But na fresh go check reach dem wan get car and,p a b k aisa bralicg de gag sial but na french bu fegu trekris kde wo nked o kara agivabi ia b,0.63878098,14.0,0.0456272129,15.6199998856,6,True,,Multilingual MMS baseline; no dedicated Cameroon Pidgin adapter claimed.,1.0,0.7205882352941176
432,MMS-1B,Conadicitary post You know if am and imprab like her,kontradictry post you know if aman employa blaik a,0.21100106500000002,4.5760002136,0.0461103704,10.0,2,True,,Multilingual MMS baseline; no dedicated Cameroon Pidgin adapter claimed.,0.6,0.34615384615384615
162,MMS-1B,But dem go package am pack pack am more bring am back because carbal dey there wey wan use am,but de go pakejam pakg am pakegam  bring amba bikos kabal de deawe won uz am,0.28235929,5.2960000038,0.0533155759,10.0,3,True,,Multilingual MMS baseline; no dedicated Cameroon Pidgin adapter claimed.,0.75,0.3978494623655914
870,MMS-1B,E sometimes no be by gradral Some people don wear you without fight,h sometimes not bi by gragra someting gi oll win you without fight,0.215062584,4.5720000267,0.0470390601,38.4599990845,5,True,,Multilingual MMS baseline; no dedicated Cameroon Pidgin adapter claimed.,0.6153846153846154,0.26865671641791045
895,MMS-1B,Donic you dey there Abeg if you get chance call us back make we talk this matter This matter na matter wey be say even 1 h no go do us to talk But I believe say we don do just for the matter We don exercise say na bad thing We don exercise say na serious problem,domini kude rie a be gip yu get chance kolors back meke we talk dis mata dis mata na mata whe mse iven wannawa no go du us to talk but i belive se we don du justise for di mata we don enfasaise se na bad tin we don enfasas se na serious problem,0.746527044,15.468000412,0.048262672900000005,45.6100006104,17,True,,Multilingual MMS baseline; no dedicated Cameroon Pidgin adapter claimed.,0.5689655172413793,0.30916030534351147
297,MMS-1B,4's younger brother but for me I go like to have my own,fr actually and es my mam's younger brother but for me i would like to have my own,0.299214252,6.271999836,0.0477063552,23.0799999237,2,True,,Multilingual MMS baseline; no dedicated Cameroon Pidgin adapter claimed.,0.5,0.5272727272727272
1501,MMS-1B,and then e tell me that e wan me to join Mines And how you react on OR join when I join Mines,an then he told me that he wanted me to join mavinsand how did you react come on did you ja we yo join ai,0.379322453,8.704000473,0.0435802427,34.7799987793,2,True,,Multilingual MMS baseline; no dedicated Cameroon Pidgin adapter claimed.,0.6521739130434783,0.3978494623655914
510,MMS-1B,August okay May June July August 4 Ok so no your body the morning note No Ord like say no bin good so far No see keeping you safe very,m jn jul agus  k so no yoba di mon  amen i wi   a i i ipin  a a,0.521904661,11.1999998093,0.046598631200000004,44.8300018311,6,True,,Multilingual MMS baseline; no dedicated Cameroon Pidgin adapter claimed.,0.9333333333333333,0.6417910447761194
392,MMS-1B,In few cases we dey do do an MRI of the breast We dey view too,the total of the asset side most equas to the total of the liability side,0.345590412,7.3759999275,0.0468533643,37.5,4,True,,Multilingual MMS baseline; no dedicated Cameroon Pidgin adapter claimed.,0.9375,0.8548387096774194
1758,MMS-1B,I don dey spoil don dey spoil e don dey but tell am again one more time final time now,n n tl a bi gi one more time final tim w,0.514784028,11.0089998245,0.0467602903,40.0,3,True,,Multilingual MMS baseline; no dedicated Cameroon Pidgin adapter claimed.,0.8,0.5697674418604651
658,MMS-1B,"People get issue with government dey go court dem no fight or dem no do violence, court con give the dem judgement, government go still talk say dem no do go anything, na wetin dey cause all dis bad bad things wey we dey see for country, e no suppose be so",pipol get esue with government dhey gro cort an nor fight o an no do violence kort kon gi dem judgment goverment ko si toxi dey nor do anytin na watin dey cost or dis dapata we we dey se for contrigra e no suppose yu so,0.629404197,13.4239997864,0.0468864874,34.6199989319,23,True,,Multilingual MMS baseline; no dedicated Cameroon Pidgin adapter claimed.,0.6346153846153846,0.2896825396825397
309,MMS-1B,No be anybody as trauma when she win We get meeting her papa and mama her guardian dey sit down We say her beg go,no bi anybdy as chama wen she win wi get miting ha papa and mama a gardian de sit dawn wi sey a beg go,0.357224558,8.0640001297,0.0442986796,44.0,4,True,,Multilingual MMS baseline; no dedicated Cameroon Pidgin adapter claimed.,0.56,0.19469026548672566
1425,MMS-1B,I waka go free up charge I no collect money for hand E just I no go CMS for this kind thing and night I dey go CMS And also I gats one small question if you answer the question well you go mean 1,aw kari gorer dhe grop fri of charg a na o kole  monip nijosi a n negositi emes for this kant and a makta negositi ms and also agbasi won smal kweshon epi ansa di qweshion wer i gogbi o tz r milit,0.49951453,10.5279998779,0.0474462895,34.0900001526,6,True,,Multilingual MMS baseline; no dedicated Cameroon Pidgin adapter claimed.,0.8888888888888888,0.6
36,MMS-1B,Leadership by servitude you be leader but you be servant because na the people wey put you there na their interest na you dey work for,leadership by servi to yu be leader but yo be sarvant bekos na de pipol wey put you dar nar diar interest na whee you day work for,0.333143309,6.9600000381000005,0.0478654177,11.5399999619,1,True,,Multilingual MMS baseline; no dedicated Cameroon Pidgin adapter claimed.,0.5,0.23880597014925373
691,MMS-1B,But morning my body just give me 200 2003 till date I don think but you no those of us dey live in legs you have the benefit of experiencing,from two thousand and three t a i don't thinkyou know those of us da live in legas you have the benefit of experiencing,0.50316077,11.6160001755,0.0433161813,21.4300003052,1,True,,Multilingual MMS baseline; no dedicated Cameroon Pidgin adapter claimed.,0.5666666666666667,0.37857142857142856
1142,MMS-1B,Now there's a new thing now phone get some kind phone wey you fit just open YouTube for the children to just dey watch some some videos You feel say e dey right,now there's a new thing now phones  get some kind phone where you fell just open you to for the children to jug they watch some videos you feel say  day rigt,0.36699248700000003,10.0959997177,0.036350287,39.3899993896,8,True,,Multilingual MMS baseline; no dedicated Cameroon Pidgin adapter claimed.,0.3235294117647059,0.15
51,MMS-1B,O ya we hear you talk charies fit dey hear you We we dey year you ya tongue turn Good morning,o ya wekwu yaghi tk charishd ygi kwude yaghi we ya tkki,0.49661733,11.7550001144,0.042247326700000004,9.5200004578,1,True,,Multilingual MMS baseline; no dedicated Cameroon Pidgin adapter claimed.,0.8095238095238095,0.6559139784946236
368,MMS-1B,Old workers nobody sey anything I think the time don come for us to begin to read strong questions We must begin to ask questions on this country Then the 3rd leg which is very important,oh wokast nobody saying anything i think the time don't come for us to begin to raise strong questions we must begin to ask questions in this country then the tod leg which is very important,0.509437574,11.9200000763,0.0427380512,19.4400005341,4,True,,Multilingual MMS baseline; no dedicated Cameroon Pidgin adapter claimed.,0.19444444444444445,0.10215053763440861
1503,MMS-1B,Na the okal predo na e go call because like no people talk the bug stop satis stable So e must work round the drug to use enckure say make nobody cause am embarrassment and make nobody spoil him name,na di ogan presider na i den go ko bikas like weebody wo talk di boxtops at di staple so e must wolk round di clock to use e show se manibody kos ap embarassment and manybody spoily name,0.5008774730000001,10.9919996262,0.0455674572,37.5,5,True,,Multilingual MMS baseline; no dedicated Cameroon Pidgin adapter claimed.,0.7,0.3969849246231156
196,MMS-1B,We no want continuity we wan astem wey at least The den att dey distracted by one cut case or the other So the dystractor una don distract am since December Since September of 2015 una now una come know say una no like distraction wetin dey tell una say,we nor want continuet we want a sistem where after lis sa de national assembly nor go dey distracted by one cort case or dhe oder so di sowa we wol nor distract am since december since september of two thousan ad fifteen now na now una kon no sey una no like distruction kin when nigerias dey tell una sey,0.7337959460000001,15.4239997864,0.047574945300000004,38.7799987793,12,True,,Multilingual MMS baseline; no dedicated Cameroon Pidgin adapter claimed.,0.72,0.4268774703557312
1511,MMS-1B,Na that fight dey make the marriage sweet because you know when you make up,na da fit dey make di mara sweet bikos yu kno want yu make hop,0.17750384200000002,3.6640000343,0.048445371300000005,46.6699981689,1,True,,Multilingual MMS baseline; no dedicated Cameroon Pidgin adapter claimed.,0.6666666666666666,0.3333333333333333
1264,MMS-1B,To flex your ontopinoral muscle its the best kind of business for those who have the ontopal bone inside of dem but dem no want to go into taking on the massive risk of going into tradional,to flex your entrepreneurial mosel it is the best kind of business for those who have the entrepreneurial bone inside of them but they do not want to go into taking on the massive risk of going into traditional nestis bich,0.743108007,15.9359998703,0.0466307739,27.0300006866,2,True,,Multilingual MMS baseline; no dedicated Cameroon Pidgin adapter claimed.,0.32432432432432434,0.24338624338624337
84,MMS-1B,Ok na that I never do that kind thing before say,oke ifnada ai neva du dha kain ting bifore si,0.15909832000000002,2.9440000057,0.0540415488,9.0900001526,1,True,,Multilingual MMS baseline; no dedicated Cameroon Pidgin adapter claimed.,1.0,0.3958333333333333
1061,MMS-1B,Actually falling after that has a lot of healing powers towards of disease Therw e people when during their when e come so people when their actually getting very old,i actually fund enough that that has a lot of feeling powers towards a lot of diseases there are people whe during they ar old and when it comes to people when they are actually getting very old,0.48215347300000005,10.3839998245,0.046432346000000006,33.3300018311,2,True,,Multilingual MMS baseline; no dedicated Cameroon Pidgin adapter claimed.,0.6666666666666666,0.28313253012048195
1767,MMS-1B,"But at the same time when there's darkness, you have to...., because body no be firewood now",but de same time when tes darkness you have to bikos body nor be firewood naw,0.207122263,4.4959998131,0.0460681209,29.4099998474,2,True,,Multilingual MMS baseline; no dedicated Cameroon Pidgin adapter claimed.,0.3888888888888889,0.18604651162790697
1079,MMS-1B,To get schools wey sabi teach children individual pick out their talents na money I get one,to get spools wey sabi teach children individually pickar dear talent na monyg,0.28588584300000003,5.9200000763,0.0482915269,29.4099998474,8,True,,Multilingual MMS baseline; no dedicated Cameroon Pidgin adapter claimed.,0.5882352941176471,0.24175824175824176
1094,MMS-1B,WHOUST adjust our style then the weight virus as naturally adjust our lifestyle for life Life no go go back to the old normal the again new normal now That why your right flare Make we relate to adult,pepl go just adjust awar stie anyway grona varanus as er naturally adjusted awar life sti o life let toge to go back to dhe got nom tes orig a new numma now that is why te odars flo ansokan make we led to a tars,0.6144269480000001,13.984000206,0.0439378532,30.7700004578,11,True,,Multilingual MMS baseline; no dedicated Cameroon Pidgin adapter claimed.,0.8461538461538461,0.49
1426,MMS-1B,Um something else wey happen is in electrolyte abnormal abnormality which just means things like your passium level sodium levels,something else that can happen is an electrolite abnormality which just means certain things like your patasium levels psodium levels,0.341027907,9.0559997559,0.0376576763,10.0,2,True,,Multilingual MMS baseline; no dedicated Cameroon Pidgin adapter claimed.,0.5,0.26356589147286824
104,MMS-1B,At the point time e start going down you no pop dey involve,at the poning time we started going down y kno pap l so  get te evolve,0.19814294000000002,4.4800000191,0.0442283346,46.1500015259,3,True,,Multilingual MMS baseline; no dedicated Cameroon Pidgin adapter claimed.,0.8461538461538461,0.3389830508474576
130,MMS-1B,To sit and discipline themselves E like you go to the university and you advise chance Sor lecurs,te seat  and discipline tim selles  it is like yo go to de unilersit and yo hale bice cance s lectures,0.34410640800000003,8.0,0.043013301000000004,27.7800006866,1,True,,Multilingual MMS baseline; no dedicated Cameroon Pidgin adapter claimed.,0.8333333333333334,0.29896907216494845
1112,MMS-1B,Any of these numbers just call am between 4 and 5,any of this numbers just call am between four and five,0.167464562,3.7760000229,0.044349724800000004,22.2199993134,2,True,,Multilingual MMS baseline; no dedicated Cameroon Pidgin adapter claimed.,0.2727272727272727,0.20408163265306123
1318,MMS-1B,Alright guys no go anywhere The show continues after this break go be right back na still the ogun,olrig gys no go anywhere di show continues after dhis break will be ride back na still de ogon ge,0.283317457,6.3200001717,0.044828710300000005,36.8400001526,3,True,,Multilingual MMS baseline; no dedicated Cameroon Pidgin adapter claimed.,0.47368421052631576,0.21428571428571427
1571,MMS-1B,Na wetin IMF don look come talk say K leg enter inside this arrangement If we dey give tax holiday make we know say na genu people wey wan invest in business After all if we set up business for this country no be narrhea we go emlo no go enlo for Gana,na wete imf don lok contok say ka leg entar inside this arrangement iven hey give tax on de day make we no say na genuin pipol wey wont invest in business aftar all if we set up business for this country no be nigerias wo go employ we nor go employd me from gana,0.50321996,12.3360004425,0.040792796900000004,24.5300006866,12,True,,Multilingual MMS baseline; no dedicated Cameroon Pidgin adapter claimed.,0.4716981132075472,0.2151394422310757
1626,MMS-1B,Because dem give me two hey Kie miski body stop playing and great dr Akapella I use sere as why I side as say you all sit down lose dis guy talk me off King write the on stage I dey side am and Ikopella and to sound,becaus dey give me to high key ous pecher wit de key mis to key bodi's starl playin i'm grein to dre ar kapella  he se dat's what i said i say you 'll sit down let say dis gat took me of ke i i host playin to hi rite on on stage umderstad don and i did  ar kapella and i bill di song,0.735376585,16.2240009308,0.0453264634,12.5,2,True,,Multilingual MMS baseline; no dedicated Cameroon Pidgin adapter claimed.,1.1458333333333333,0.6
121,MMS-1B,From that place wey dem dey from people wey come out to say I wan to repret my people from this political party dem go choose the best person wey go go for general election for the full people to vot na that one dey call indirect primary But some people don dey complain say inrect primary,from dat place wod an day from pipol wey come out to sey i want to represent my piple  from tis political party they go choose di best pesin wey go go for general election for de fu piple to vote na dha wan dey recall indirect primary but som pipol don de complace eris indirect primary,0.720071809,15.7440004349,0.0457362671,40.3499984741,11,True,,Multilingual MMS baseline; no dedicated Cameroon Pidgin adapter claimed.,0.45614035087719296,0.19377162629757785
1198,MMS-1B,The US Dey display different different planant for the visit wey they do Na general begin yam Expot to UK and US come June 29 a good one If you start to get impot,de youth dey display different different plackards for dhi visit water dom nigeria begins yam export to uk and us come june  rway that's a good one if we start to get import,0.580781235,14.1759996414,0.0409693319,39.3899993896,7,True,,Multilingual MMS baseline; no dedicated Cameroon Pidgin adapter claimed.,0.47058823529411764,0.25925925925925924
865,MMS-1B,Anybody wey dem find say e stay this morning make dem prostate am,an impo di wey dem faensers i stay dis moning make dem pros stetam,0.188035151,4.0929999352,0.045940668000000004,30.7700004578,5,True,,Multilingual MMS baseline; no dedicated Cameroon Pidgin adapter claimed.,0.7692307692307693,0.3076923076923077
804,MMS-1B,And this thing I wan take E the last time I do this this the insult I get Now this time I no go get am But e dey not wey we think say,and dis sin i won take e de last time i did it dis is dhe insult i get naw dis ama nor go get am but in de not wer witin say,0.350362481,9.6479997635,0.036314520100000004,20.5900001526,8,True,,Multilingual MMS baseline; no dedicated Cameroon Pidgin adapter claimed.,0.5588235294117647,0.24812030075187969
1297,MMS-1B,OK So now that e no well we move yond What your defination of him healthy relationship,oky so now that in no way we move yong twards your definition of ald relationship,0.341970952,8.0089998245,0.0426983343,23.5300006866,4,True,,Multilingual MMS baseline; no dedicated Cameroon Pidgin adapter claimed.,0.47058823529411764,0.2558139534883721
355,MMS-1B,Ok Oga 1st us you dey there I just wan check whether you dey hear us loud and clear,to enjoy more of this awar ho go get videos when you just watch press this bot into subscribe on top of our u two page you go love hon,0.502800989,12.6420001984,0.0397722656,15.7899999619,1,True,,Multilingual MMS baseline; no dedicated Cameroon Pidgin adapter claimed.,1.5263157894736843,1.144578313253012
719,MMS-1B,Alright and we look forward to many more stories than you be Sharing we keep ourt and appressed with you and the rest of the team as you keep uncovering a lot of the heels that going on in society your new show African eye,al ga we look forward to many more stories that you be sharing we will keep our thoughts and our prayers with you and the rest of the team as you keep on covering a lot of the ills that are goin on in our society via your new show african ai,0.493709053,12.4160003662,0.0397639367,4.4400000572,2,True,,Multilingual MMS baseline; no dedicated Cameroon Pidgin adapter claimed.,0.35555555555555557,0.22972972972972974
99,MMS-1B,We register in na jose for the whole of Afric We register in najor but this plastumo Sori plastum job,we register in ngeria of course for the wal of arica w register in ngeria but this is  ju platorm jub duku is,0.345462103,9.6479997635,0.0358066036,30.0,6,True,,Multilingual MMS baseline; no dedicated Cameroon Pidgin adapter claimed.,0.65,0.4158415841584158
1726,MMS-1B,To enjoy more of dis ourbun videos when you just watch press this button to sub on top of her Uage you go love am,to enjoy more of this awar ho go get videos when you just watch press this bot into subskribe on top of our ou two page you go love hom,0.35691358500000003,8.8470001221,0.0403428936,48.0,3,True,,Multilingual MMS baseline; no dedicated Cameroon Pidgin adapter claimed.,0.52,0.3185840707964602
1330,MMS-1B,Right back Una bad girl Dis na warm people na OK that one easy one yella OK drink B,c  ge na bad gil i na  waa pipl  la  ma ggi i izi wa avei go to wolk yo drink biat i ubl y,0.347009817,9.6599998474,0.0359223419,47.3699989319,4,True,,Multilingual MMS baseline; no dedicated Cameroon Pidgin adapter claimed.,1.1578947368421053,0.6746987951807228
282,MMS-1B,"as the story dey unfold. Moving on from there, we get this other story wey concern the Nigerian police because right now some people dey clamour say we need state policing some other people dey say",as the story tey unfold moving on from there we get this other story we consign the nigerian police becase right now some pipole dey clam om so we need state police in som odar piple dey say,0.5766585320000001,13.0880002975,0.0440600947,25.0,7,True,,Multilingual MMS baseline; no dedicated Cameroon Pidgin adapter claimed.,0.3611111111111111,0.11794871794871795
693,MMS-1B,No wey dem go give your diet diet diet things,naw wede ko degi hio daaghe daghe daghe tingz,0.165954813,3.6319999695,0.0456924048,40.0,1,True,,Multilingual MMS baseline; no dedicated Cameroon Pidgin adapter claimed.,1.0,0.6444444444444445
145,MMS-1B,This time no be him turn,this time no biin ton,0.10697010800000001,2.0320000648,0.052642768000000006,33.3300018311,1,True,,Multilingual MMS baseline; no dedicated Cameroon Pidgin adapter claimed.,0.5,0.25
1214,MMS-1B,So long as your papa na idia your mama na ida where e naeria exact All dis talk about say Ea brother na,so long az yor papa na naigeria ya huma na naigeria yo hani naigeria al dhi stock abase na u na broda naw,0.273551409,6.0799999237,0.0449920086,21.7399997711,5,True,,Multilingual MMS baseline; no dedicated Cameroon Pidgin adapter claimed.,0.782608695652174,0.4854368932038835
4,MMS-1B,"Must perform must get command performance, okay. So na that one be comedy show",must perform must get command performance tunarawu bi kome dish,0.26578771700000003,5.5359997749000005,0.048010789000000005,35.7099990845,2,True,,Multilingual MMS baseline; no dedicated Cameroon Pidgin adapter claimed.,0.5714285714285714,0.3026315789473684
750,MMS-1B,"To make sure say this badness no happen for our roads, make dem start to dey take am immediately. E say safety precautions and routine maintenance are taken for granded by vehicle owners. E say right now",to make sure say thise badness no happen for our rod mad dey start to detake am immediately he say safety precautions and routin matanas are taken for granted by vahical owners he say right now,0.571762171,13.0559997559,0.0437930593,40.5400009155,5,True,,Multilingual MMS baseline; no dedicated Cameroon Pidgin adapter claimed.,0.32432432432432434,0.105
906,MMS-1B,"You know sometimes people in power, directors, producers, writers dey sleep with",sometimes people in power ar directors produce as writers  tey sleep wit,0.26042872300000003,5.3600001335,0.0485874471,8.3299999237,2,True,,Multilingual MMS baseline; no dedicated Cameroon Pidgin adapter claimed.,0.5833333333333334,0.2077922077922078
1118,MMS-1B,He was very funny He say something like hello is 911 my girlfriend has refuse to give me some use the A word to give me a piece of a piece of,was byponi he say something lke hello is ni one one my governer srepese to give me som  use de airward to give me p a pice o,0.32174033,7.5679998398,0.042513258000000005,6.4499998093,2,True,,Multilingual MMS baseline; no dedicated Cameroon Pidgin adapter claimed.,0.59375,0.3617021276595745
992,MMS-1B,How many school baed about even the arrest na now we see,apipo dole e bo dat about even the arrest naw now we setif,0.276774874,6.4159998894,0.0431382292,50.0,3,True,,Multilingual MMS baseline; no dedicated Cameroon Pidgin adapter claimed.,0.5833333333333334,0.375
